-- phpMyAdmin SQL Dump
-- version 4.7.4
-- https://www.phpmyadmin.net/
--
-- Host: 127.0.0.1
-- Generation Time: Feb 27, 2018 at 05:23 PM
-- Server version: 10.1.30-MariaDB
-- PHP Version: 7.2.1

SET SQL_MODE = "NO_AUTO_VALUE_ON_ZERO";
SET AUTOCOMMIT = 0;
START TRANSACTION;
SET time_zone = "+00:00";


/*!40101 SET @OLD_CHARACTER_SET_CLIENT=@@CHARACTER_SET_CLIENT */;
/*!40101 SET @OLD_CHARACTER_SET_RESULTS=@@CHARACTER_SET_RESULTS */;
/*!40101 SET @OLD_COLLATION_CONNECTION=@@COLLATION_CONNECTION */;
/*!40101 SET NAMES utf8mb4 */;

--
-- Database: `store_api`
--

-- --------------------------------------------------------

--
-- Table structure for table `migrations`
--

CREATE TABLE `migrations` (
  `id` int(10) UNSIGNED NOT NULL,
  `migration` varchar(191) COLLATE utf8mb4_unicode_ci NOT NULL,
  `batch` int(11) NOT NULL
) ENGINE=InnoDB DEFAULT CHARSET=utf8mb4 COLLATE=utf8mb4_unicode_ci;

--
-- Dumping data for table `migrations`
--

INSERT INTO `migrations` (`id`, `migration`, `batch`) VALUES
(10, '2014_10_12_000000_create_users_table', 1),
(11, '2014_10_12_100000_create_password_resets_table', 1),
(12, '2016_06_01_000001_create_oauth_auth_codes_table', 1),
(13, '2016_06_01_000002_create_oauth_access_tokens_table', 1),
(14, '2016_06_01_000003_create_oauth_refresh_tokens_table', 1),
(15, '2016_06_01_000004_create_oauth_clients_table', 1),
(16, '2016_06_01_000005_create_oauth_personal_access_clients_table', 1),
(17, '2018_02_24_105632_create_products_table', 1),
(18, '2018_02_24_105807_create_reviews_table', 1);

-- --------------------------------------------------------

--
-- Table structure for table `oauth_access_tokens`
--

CREATE TABLE `oauth_access_tokens` (
  `id` varchar(100) COLLATE utf8mb4_unicode_ci NOT NULL,
  `user_id` int(11) DEFAULT NULL,
  `client_id` int(11) NOT NULL,
  `name` varchar(191) COLLATE utf8mb4_unicode_ci DEFAULT NULL,
  `scopes` text COLLATE utf8mb4_unicode_ci,
  `revoked` tinyint(1) NOT NULL,
  `created_at` timestamp NULL DEFAULT NULL,
  `updated_at` timestamp NULL DEFAULT NULL,
  `expires_at` datetime DEFAULT NULL
) ENGINE=InnoDB DEFAULT CHARSET=utf8mb4 COLLATE=utf8mb4_unicode_ci;

--
-- Dumping data for table `oauth_access_tokens`
--

INSERT INTO `oauth_access_tokens` (`id`, `user_id`, `client_id`, `name`, `scopes`, `revoked`, `created_at`, `updated_at`, `expires_at`) VALUES
('b1e38b2c2ab678d8af45adac6fc0112ea62965297151bd2976b9a1179eb9ed30a073d4124ca033e0', 1, 2, NULL, '[]', 0, '2018-02-27 07:39:11', '2018-02-27 07:39:11', '2019-02-27 13:39:11');

-- --------------------------------------------------------

--
-- Table structure for table `oauth_auth_codes`
--

CREATE TABLE `oauth_auth_codes` (
  `id` varchar(100) COLLATE utf8mb4_unicode_ci NOT NULL,
  `user_id` int(11) NOT NULL,
  `client_id` int(11) NOT NULL,
  `scopes` text COLLATE utf8mb4_unicode_ci,
  `revoked` tinyint(1) NOT NULL,
  `expires_at` datetime DEFAULT NULL
) ENGINE=InnoDB DEFAULT CHARSET=utf8mb4 COLLATE=utf8mb4_unicode_ci;

-- --------------------------------------------------------

--
-- Table structure for table `oauth_clients`
--

CREATE TABLE `oauth_clients` (
  `id` int(10) UNSIGNED NOT NULL,
  `user_id` int(11) DEFAULT NULL,
  `name` varchar(191) COLLATE utf8mb4_unicode_ci NOT NULL,
  `secret` varchar(100) COLLATE utf8mb4_unicode_ci NOT NULL,
  `redirect` text COLLATE utf8mb4_unicode_ci NOT NULL,
  `personal_access_client` tinyint(1) NOT NULL,
  `password_client` tinyint(1) NOT NULL,
  `revoked` tinyint(1) NOT NULL,
  `created_at` timestamp NULL DEFAULT NULL,
  `updated_at` timestamp NULL DEFAULT NULL
) ENGINE=InnoDB DEFAULT CHARSET=utf8mb4 COLLATE=utf8mb4_unicode_ci;

--
-- Dumping data for table `oauth_clients`
--

INSERT INTO `oauth_clients` (`id`, `user_id`, `name`, `secret`, `redirect`, `personal_access_client`, `password_client`, `revoked`, `created_at`, `updated_at`) VALUES
(1, NULL, 'Laravel Personal Access Client', '9qhxuTD3aywBXeEDzdK7iiBdIA42ukX535JaHlPj', 'http://localhost', 1, 0, 0, '2018-02-27 07:35:19', '2018-02-27 07:35:19'),
(2, NULL, 'Laravel Password Grant Client', '2gzCSuivLSKsWHQsNLlexyxZsv4pj2TWglvisWqo', 'http://localhost', 0, 1, 0, '2018-02-27 07:35:20', '2018-02-27 07:35:20');

-- --------------------------------------------------------

--
-- Table structure for table `oauth_personal_access_clients`
--

CREATE TABLE `oauth_personal_access_clients` (
  `id` int(10) UNSIGNED NOT NULL,
  `client_id` int(11) NOT NULL,
  `created_at` timestamp NULL DEFAULT NULL,
  `updated_at` timestamp NULL DEFAULT NULL
) ENGINE=InnoDB DEFAULT CHARSET=utf8mb4 COLLATE=utf8mb4_unicode_ci;

--
-- Dumping data for table `oauth_personal_access_clients`
--

INSERT INTO `oauth_personal_access_clients` (`id`, `client_id`, `created_at`, `updated_at`) VALUES
(1, 1, '2018-02-27 07:35:20', '2018-02-27 07:35:20');

-- --------------------------------------------------------

--
-- Table structure for table `oauth_refresh_tokens`
--

CREATE TABLE `oauth_refresh_tokens` (
  `id` varchar(100) COLLATE utf8mb4_unicode_ci NOT NULL,
  `access_token_id` varchar(100) COLLATE utf8mb4_unicode_ci NOT NULL,
  `revoked` tinyint(1) NOT NULL,
  `expires_at` datetime DEFAULT NULL
) ENGINE=InnoDB DEFAULT CHARSET=utf8mb4 COLLATE=utf8mb4_unicode_ci;

--
-- Dumping data for table `oauth_refresh_tokens`
--

INSERT INTO `oauth_refresh_tokens` (`id`, `access_token_id`, `revoked`, `expires_at`) VALUES
('beb5b623f8855b9430c819871c81c030edeca82a5025b3e3df8a177c3794b9acc1a78ff8595e5fc0', 'b1e38b2c2ab678d8af45adac6fc0112ea62965297151bd2976b9a1179eb9ed30a073d4124ca033e0', 0, '2019-02-27 13:39:11');

-- --------------------------------------------------------

--
-- Table structure for table `password_resets`
--

CREATE TABLE `password_resets` (
  `email` varchar(191) COLLATE utf8mb4_unicode_ci NOT NULL,
  `token` varchar(191) COLLATE utf8mb4_unicode_ci NOT NULL,
  `created_at` timestamp NULL DEFAULT NULL
) ENGINE=InnoDB DEFAULT CHARSET=utf8mb4 COLLATE=utf8mb4_unicode_ci;

-- --------------------------------------------------------

--
-- Table structure for table `products`
--

CREATE TABLE `products` (
  `id` int(10) UNSIGNED NOT NULL,
  `name` varchar(191) COLLATE utf8mb4_unicode_ci NOT NULL,
  `detail` text COLLATE utf8mb4_unicode_ci NOT NULL,
  `price` int(11) NOT NULL,
  `stock` int(11) NOT NULL,
  `discount` int(11) NOT NULL,
  `user_id` int(10) UNSIGNED NOT NULL,
  `created_at` timestamp NULL DEFAULT NULL,
  `updated_at` timestamp NULL DEFAULT NULL
) ENGINE=InnoDB DEFAULT CHARSET=utf8mb4 COLLATE=utf8mb4_unicode_ci;

--
-- Dumping data for table `products`
--

INSERT INTO `products` (`id`, `name`, `detail`, `price`, `stock`, `discount`, `user_id`, `created_at`, `updated_at`) VALUES
(1, 'et', 'Quas iure iure molestias deleniti. Officiis minima earum excepturi sit suscipit voluptatum esse. Qui officiis dolor id quia omnis ratione vel. Laborum omnis eum reiciendis quas doloremque.', 108, 3, 12, 1, '2018-02-27 06:32:37', '2018-02-27 06:32:37'),
(2, 'nemo', 'Eligendi voluptas quaerat soluta dicta. Dolorem et molestiae id hic. Consequuntur voluptate quibusdam aliquid. Eaque repudiandae quos et ea.', 560, 0, 8, 4, '2018-02-27 06:32:37', '2018-02-27 06:32:37'),
(3, 'ut', 'Culpa et accusamus fuga dolorum. Illum ex perferendis suscipit maxime dolores perferendis. Deserunt accusantium libero et voluptatem.', 339, 0, 16, 4, '2018-02-27 06:32:37', '2018-02-27 06:32:37'),
(4, 'aut', 'Assumenda quaerat voluptas nesciunt excepturi qui. Nemo non qui voluptatibus.', 834, 0, 17, 2, '2018-02-27 06:32:37', '2018-02-27 06:32:37'),
(5, 'provident', 'Possimus fuga sit vero et laborum sunt earum. Reiciendis et qui rerum et incidunt. Consequuntur enim distinctio officiis natus excepturi aut rerum. Ut ducimus sunt quos consequatur. Omnis mollitia blanditiis sequi eum quidem.', 115, 3, 4, 3, '2018-02-27 06:32:37', '2018-02-27 06:32:37'),
(6, 'non', 'Quaerat et eligendi voluptatem praesentium sit commodi. Ipsam quod impedit quod velit at. Dolorem molestiae tenetur et dolor eveniet repellendus atque. Fugit saepe dicta cupiditate aliquam voluptatem expedita laudantium. Itaque enim sed ullam enim.', 907, 8, 8, 2, '2018-02-27 06:32:37', '2018-02-27 06:32:37'),
(7, 'voluptas', 'Reiciendis odit nam est unde autem. Quidem quia distinctio molestiae alias cupiditate. Ratione fugiat et numquam impedit quibusdam.', 751, 8, 17, 4, '2018-02-27 06:32:37', '2018-02-27 06:32:37'),
(8, 'quo', 'Quaerat commodi molestias magnam itaque blanditiis quam et. Dolores rerum fugiat alias reiciendis. Incidunt vel dolor in aliquam dicta eum qui sed.', 576, 0, 17, 5, '2018-02-27 06:32:37', '2018-02-27 06:32:37'),
(9, 'quia', 'Sed aliquam eveniet repudiandae aut modi voluptas. Repellendus aut quia autem reprehenderit minus similique corrupti. Iure corporis et est corporis et.', 885, 1, 8, 2, '2018-02-27 06:32:37', '2018-02-27 06:32:37'),
(10, 'inventore', 'Officia occaecati sed praesentium cum numquam. Doloribus eius unde id est. Iure voluptas soluta alias non facilis enim doloribus. Non molestiae et ab quia vitae et.', 306, 7, 19, 1, '2018-02-27 06:32:37', '2018-02-27 06:32:37'),
(11, 'accusantium', 'Totam voluptatum voluptates qui. Rerum iusto eius tempora molestiae harum. Recusandae aut dolorem commodi ratione soluta.', 176, 8, 16, 2, '2018-02-27 06:32:37', '2018-02-27 06:32:37'),
(12, 'accusantium', 'Incidunt blanditiis beatae molestias sed quas. Culpa ullam aut explicabo quibusdam. Exercitationem at perspiciatis occaecati eveniet et veritatis.', 173, 6, 18, 1, '2018-02-27 06:32:38', '2018-02-27 06:32:38'),
(13, 'dolor', 'Dolorem facere consequatur asperiores hic at. Voluptatem velit eum alias nesciunt quibusdam dolorem. Qui omnis vitae sunt. Exercitationem earum non sit vitae modi unde voluptatem.', 240, 9, 13, 5, '2018-02-27 06:32:38', '2018-02-27 06:32:38'),
(14, 'non', 'Aut placeat et mollitia occaecati in eaque. Quasi molestiae totam sequi impedit et quia ducimus. Amet sed est provident aperiam adipisci omnis. Ut distinctio debitis nostrum dolore architecto cupiditate vel.', 328, 6, 20, 5, '2018-02-27 06:32:38', '2018-02-27 06:32:38'),
(15, 'unde', 'Animi debitis molestiae tempore sed non quia. Quas perferendis id blanditiis dignissimos. Quibusdam deleniti quis placeat nemo. Suscipit recusandae maiores dolorem.', 363, 1, 5, 3, '2018-02-27 06:32:38', '2018-02-27 06:32:38'),
(16, 'quis', 'Non eligendi qui rerum non pariatur. Ea rerum numquam incidunt repellendus facere.', 694, 7, 13, 2, '2018-02-27 06:32:38', '2018-02-27 06:32:38'),
(17, 'ea', 'Voluptatem pariatur nam sit et voluptate delectus ipsum nisi. Molestiae iusto consequatur optio odit amet. Dolorem aut neque quia et vel ut dolores. In mollitia expedita quia optio sunt laboriosam.', 464, 2, 17, 4, '2018-02-27 06:32:38', '2018-02-27 06:32:38'),
(18, 'nisi', 'Voluptatum aliquam harum at libero eaque soluta. Nemo quo pariatur et velit deserunt. In impedit id dolor aliquam accusantium est id.', 333, 3, 11, 2, '2018-02-27 06:32:38', '2018-02-27 06:32:38'),
(19, 'quasi', 'Nesciunt id aut reiciendis iure doloribus culpa necessitatibus. Numquam eius quod nam consectetur saepe amet. Minus autem tempora a consectetur eos. Corporis illum voluptas accusamus qui quam eius eius harum. Quam laudantium ut fugit explicabo.', 194, 0, 2, 5, '2018-02-27 06:32:38', '2018-02-27 06:32:38'),
(20, 'qui', 'Placeat quasi quibusdam eius reprehenderit laborum harum. Sit impedit sed inventore temporibus et in. Minima quia autem architecto eius quia qui nesciunt.', 883, 7, 14, 3, '2018-02-27 06:32:38', '2018-02-27 06:32:38'),
(21, 'tempore', 'Est et numquam veritatis non reiciendis est. Enim ut et eius numquam fugit voluptas culpa natus. Aut eum consequuntur maiores qui dolore qui. Repellat nihil nisi et possimus omnis.', 288, 4, 7, 1, '2018-02-27 06:32:38', '2018-02-27 06:32:38'),
(22, 'eaque', 'Aut et laboriosam doloremque qui inventore. Dolores alias quo occaecati velit. Natus nihil et velit quod quisquam. Perspiciatis harum sequi quis facilis.', 252, 7, 20, 3, '2018-02-27 06:32:38', '2018-02-27 06:32:38'),
(23, 'id', 'Repellat est incidunt ratione odit mollitia praesentium minima. Perferendis eum sed repellendus animi dolores sequi et voluptatem. Voluptate id eos in dolorum sit sint eveniet.', 758, 5, 17, 4, '2018-02-27 06:32:38', '2018-02-27 06:32:38'),
(24, 'reprehenderit', 'Voluptatem quas quisquam repudiandae voluptas autem harum libero. Quis hic dolor molestiae dicta tempore ab fugit illo. Vel voluptate eum consectetur perferendis.', 805, 4, 17, 3, '2018-02-27 06:32:38', '2018-02-27 06:32:38'),
(25, 'pariatur', 'Accusamus suscipit rem facere odit qui. Sapiente et vel autem animi. Occaecati officiis laudantium quos omnis facere ad.', 935, 6, 4, 5, '2018-02-27 06:32:38', '2018-02-27 06:32:38'),
(26, 'qui', 'Perspiciatis et dolore nemo suscipit id. Ut porro quos deleniti saepe non molestiae. Voluptatem qui quam fuga natus dicta et ipsam.', 293, 2, 16, 1, '2018-02-27 06:32:38', '2018-02-27 06:32:38'),
(27, 'qui', 'Nesciunt quod harum sit voluptatibus similique qui ut. Delectus nemo distinctio alias aut officia omnis. Similique ea voluptatibus ad culpa illo tempora. Nostrum sapiente doloremque fuga quidem.', 153, 7, 5, 3, '2018-02-27 06:32:38', '2018-02-27 06:32:38'),
(28, 'excepturi', 'Eum quaerat maxime repudiandae totam et enim sint. Eligendi quod et expedita dignissimos nostrum. Velit quae rerum voluptas ut sint voluptates.', 152, 5, 18, 4, '2018-02-27 06:32:38', '2018-02-27 06:32:38'),
(29, 'autem', 'Dolores amet occaecati ut. Eos eum est sit perferendis sit omnis veritatis et. Beatae sit est modi harum ut eum ipsum rerum. Aut earum qui consequatur nam corporis asperiores.', 843, 8, 6, 5, '2018-02-27 06:32:38', '2018-02-27 06:32:38'),
(30, 'rerum', 'Soluta rem eos officiis. Ut ut sed tenetur aliquid. Esse eligendi odio iure quo aut.', 980, 4, 3, 3, '2018-02-27 06:32:38', '2018-02-27 06:32:38'),
(31, 'velit', 'Quasi adipisci sequi commodi unde libero dolores. Vel et nulla molestiae et. Aut necessitatibus voluptas facere aliquid nihil eos laboriosam.', 954, 1, 6, 4, '2018-02-27 06:32:38', '2018-02-27 06:32:38'),
(33, 'voluptatum', 'Quo eum sed vero sed quis. Amet est et dicta occaecati temporibus expedita. Praesentium autem repudiandae voluptate facilis ullam accusantium. Eveniet quod nulla explicabo.', 891, 8, 12, 1, '2018-02-27 06:32:38', '2018-02-27 06:32:38'),
(34, 'esse', 'Adipisci unde nesciunt officia. Id eos harum voluptatibus omnis nobis porro. Et at iusto mollitia enim quibusdam sit. Hic quo itaque tenetur maiores esse dolore.', 692, 7, 12, 4, '2018-02-27 06:32:38', '2018-02-27 06:32:38'),
(38, 'quidem', 'Ut ut repellendus occaecati. Pariatur consectetur nulla porro et. Et quo eligendi recusandae accusantium ea rerum distinctio voluptatem.', 936, 8, 8, 3, '2018-02-27 06:32:38', '2018-02-27 06:32:38'),
(39, 'officiis', 'Eum similique nam eaque animi cum dolores voluptates. Neque quidem optio enim nulla rerum fugit. Maiores voluptate tenetur est beatae dolores. Voluptates vel ipsam repellat laudantium dolores temporibus. Ipsum et quos rerum repellendus molestias enim molestiae.', 160, 0, 4, 2, '2018-02-27 06:32:38', '2018-02-27 06:32:38'),
(40, 'distinctio', 'Ut omnis et laudantium aut. Iure enim provident ut voluptate explicabo omnis rem. Cumque ipsam atque doloribus et ut.', 882, 8, 12, 3, '2018-02-27 06:32:38', '2018-02-27 06:32:38'),
(41, 'saepe', 'Explicabo alias pariatur laborum sed aut. Dolorem nesciunt quo qui velit culpa sed. Aut omnis porro excepturi velit optio consequatur et iste. Maiores voluptas ut quae velit minima.', 482, 9, 16, 5, '2018-02-27 06:32:39', '2018-02-27 06:32:39'),
(42, 'cumque', 'Excepturi reprehenderit suscipit perspiciatis quisquam. Distinctio nobis ipsam architecto vel est et itaque accusamus.', 873, 5, 20, 5, '2018-02-27 06:32:39', '2018-02-27 06:32:39'),
(43, 'id', 'Et ut debitis et aut. Atque nostrum ut laboriosam beatae error. Sit blanditiis dolor iusto. Sed praesentium beatae dolorem fugiat quibusdam sit incidunt. Quo voluptatem aut quam autem deleniti.', 402, 3, 7, 5, '2018-02-27 06:32:39', '2018-02-27 06:32:39'),
(44, 'impedit', 'Laudantium occaecati est corporis quia quis nostrum soluta. Sint dolore dolorem consequuntur animi in. Ipsam incidunt dolorem maiores dolorem officiis assumenda.', 779, 1, 9, 4, '2018-02-27 06:32:39', '2018-02-27 06:32:39'),
(45, 'est', 'Nulla commodi autem error cumque impedit autem veritatis. Quo a velit deserunt officiis qui aliquid esse ea. Laboriosam nihil cupiditate ipsum laudantium ex aliquam quae.', 512, 9, 18, 1, '2018-02-27 06:32:39', '2018-02-27 06:32:39'),
(46, 'velit', 'Dolor dolor rerum fugit est soluta. Officia ut quo laborum. Rerum voluptate qui culpa.', 206, 8, 20, 2, '2018-02-27 06:32:39', '2018-02-27 06:32:39'),
(47, 'impedit', 'Pariatur aut fugit hic facere doloremque aperiam qui. Adipisci et itaque possimus illum. Soluta et nostrum vel.', 168, 4, 8, 2, '2018-02-27 06:32:39', '2018-02-27 06:32:39'),
(48, 'quisquam', 'Recusandae earum recusandae quibusdam neque iusto vel saepe consequatur. Adipisci eius omnis inventore. Qui et et expedita vel ex.', 580, 3, 14, 4, '2018-02-27 06:32:39', '2018-02-27 06:32:39'),
(49, 'sit', 'this is best mobile for more rich man', 527, 2, 2, 1, '2018-02-27 06:32:39', '2018-02-27 07:48:43'),
(50, 'repudiandae', 'Vel non facere praesentium. Alias sed expedita dicta quae rerum aliquid. Ea provident sit delectus molestiae.', 201, 0, 14, 3, '2018-02-27 06:32:39', '2018-02-27 06:32:39');

-- --------------------------------------------------------

--
-- Table structure for table `reviews`
--

CREATE TABLE `reviews` (
  `id` int(10) UNSIGNED NOT NULL,
  `product_id` int(10) UNSIGNED NOT NULL,
  `customer` varchar(191) COLLATE utf8mb4_unicode_ci NOT NULL,
  `review` text COLLATE utf8mb4_unicode_ci NOT NULL,
  `star` int(11) NOT NULL,
  `created_at` timestamp NULL DEFAULT NULL,
  `updated_at` timestamp NULL DEFAULT NULL
) ENGINE=InnoDB DEFAULT CHARSET=utf8mb4 COLLATE=utf8mb4_unicode_ci;

--
-- Dumping data for table `reviews`
--

INSERT INTO `reviews` (`id`, `product_id`, `customer`, `review`, `star`, `created_at`, `updated_at`) VALUES
(1, 7, 'Mr. Nasir Metz PhD', 'Eius harum eum consectetur labore alias. Est maxime quod nulla totam dolorum. Aliquam voluptatem ad aut beatae. Iste earum aliquid repellendus unde.', 1, '2018-02-27 06:32:39', '2018-02-27 06:32:39'),
(2, 6, 'Tatyana Thompson', 'Perferendis dolores nam corporis accusantium illum sit amet. Qui nihil itaque sit dolorum culpa et nobis. Quis quaerat et aspernatur culpa.', 1, '2018-02-27 06:32:40', '2018-02-27 06:32:40'),
(3, 43, 'Lucile Bauch', 'Et dicta sed aspernatur hic voluptatem ratione dolorem. Dignissimos nulla nihil dicta asperiores beatae quia ut. Ut iusto aut nisi nesciunt nisi. Amet aut et quos sed sapiente voluptates modi distinctio.', 5, '2018-02-27 06:32:40', '2018-02-27 06:32:40'),
(4, 7, 'Cassandre Goodwin I', 'Molestias ratione commodi labore voluptates. Atque culpa dolor eveniet itaque et.', 0, '2018-02-27 06:32:40', '2018-02-27 06:32:40'),
(5, 24, 'Sabryna Dare', 'Vel dolores voluptas et veniam ut. Est aut vitae repellat quam est expedita aut laudantium. Aut omnis quidem ipsam consequatur omnis autem quia. Non sint quibusdam est qui.', 4, '2018-02-27 06:32:40', '2018-02-27 06:32:40'),
(6, 25, 'Laila Gleichner', 'Ullam voluptatem accusamus sequi nihil voluptate delectus in. Rerum qui eveniet quis cum et quam perspiciatis.', 2, '2018-02-27 06:32:40', '2018-02-27 06:32:40'),
(7, 24, 'Israel Funk', 'Non inventore at dolor ut voluptatem. Dolor error doloremque quam eveniet placeat voluptates. Non dolor deleniti omnis modi natus ea sit.', 3, '2018-02-27 06:32:40', '2018-02-27 06:32:40'),
(8, 1, 'Miss Mafalda Barton III', 'Eveniet optio enim exercitationem ut neque facere. A ut quo occaecati velit quod nulla. Quia nihil voluptas perferendis.', 4, '2018-02-27 06:32:40', '2018-02-27 06:32:40'),
(9, 30, 'Jermaine Jacobs', 'Molestias voluptatem quaerat vel quas repellendus ad saepe autem. Aut labore ut suscipit enim non distinctio ex. Natus quaerat est labore ut.', 2, '2018-02-27 06:32:40', '2018-02-27 06:32:40'),
(10, 27, 'Maverick Bailey', 'Ipsa dolor animi animi quo nisi voluptate eveniet ipsa. Aut sed voluptas et. Consectetur delectus adipisci et in iste est. Velit possimus dolores nesciunt tenetur tempore suscipit est.', 3, '2018-02-27 06:32:40', '2018-02-27 06:32:40'),
(11, 13, 'Mabelle Turcotte', 'Quibusdam possimus id fugiat ex perferendis. Rem dolor dolore placeat ut natus non quia. Eum sequi aut quia sit.', 0, '2018-02-27 06:32:40', '2018-02-27 06:32:40'),
(12, 17, 'Prof. Bert Ankunding', 'Alias et culpa molestiae labore reprehenderit ratione fugit. Impedit officia enim et id ad dignissimos debitis. Impedit aliquid exercitationem rerum.', 1, '2018-02-27 06:32:40', '2018-02-27 06:32:40'),
(14, 31, 'Mr. Gillian Mayer', 'Ex velit repellat animi dignissimos vero doloremque ad. Perferendis est ut error laborum unde placeat. Est eum rerum sed. Molestiae recusandae vero quis error illo.', 3, '2018-02-27 06:32:40', '2018-02-27 06:32:40'),
(15, 24, 'Elliott Schneider', 'Neque numquam commodi non non. In occaecati iste debitis et repudiandae voluptatem ut. Quia sequi facere tempora adipisci eius quasi recusandae. Accusamus deserunt sed ad eaque sequi id id.', 1, '2018-02-27 06:32:40', '2018-02-27 06:32:40'),
(16, 23, 'Stefanie Pfeffer', 'Beatae et et amet placeat vero. Et alias labore quaerat in. Animi reprehenderit ipsum ea consequuntur architecto doloremque dicta.', 1, '2018-02-27 06:32:40', '2018-02-27 06:32:40'),
(17, 6, 'Miss Brigitte Marquardt I', 'Ex sed sit provident consequatur omnis id maiores. Quod est error atque quas eius sit. Labore dolores in eius hic nisi voluptatem. Delectus et quisquam cumque ea.', 4, '2018-02-27 06:32:40', '2018-02-27 06:32:40'),
(18, 5, 'Ludwig Towne', 'Nostrum itaque aut earum repellendus rerum alias quo. Repellendus impedit tenetur dolorem voluptatem veritatis dolorem placeat. Laboriosam nulla odit architecto temporibus rem officiis. Voluptatem quod eum rerum iure.', 4, '2018-02-27 06:32:40', '2018-02-27 06:32:40'),
(19, 33, 'Chelsie Bins', 'A omnis possimus quia aut. Sit ut nisi quia hic rerum. Ea doloremque et est molestiae cupiditate quae soluta facilis. Aut est eos voluptates.', 0, '2018-02-27 06:32:40', '2018-02-27 06:32:40'),
(20, 2, 'Tessie Sanford', 'Velit soluta asperiores quaerat et vero repellendus. Magnam sed minima deserunt quas ipsa quia et. Necessitatibus et exercitationem fugiat.', 4, '2018-02-27 06:32:40', '2018-02-27 06:32:40'),
(21, 16, 'Sonya Rau', 'Sunt adipisci fugit aut. Nisi laudantium possimus velit ut harum. Porro atque architecto voluptatum aliquid enim officia placeat.', 2, '2018-02-27 06:32:40', '2018-02-27 06:32:40'),
(23, 33, 'Ms. Drew Streich', 'Deleniti rerum aliquam ut ratione. Non quia quod quis eos eaque. Dolor corrupti temporibus quis ut incidunt. Aut quia dolorum amet architecto nostrum.', 4, '2018-02-27 06:32:40', '2018-02-27 06:32:40'),
(24, 33, 'Velva Marquardt', 'Nihil aut voluptas perspiciatis sint omnis. Ut quod quod excepturi ea totam. Et quas aliquam dicta enim. Totam sunt minima omnis facilis nisi autem consequatur.', 2, '2018-02-27 06:32:40', '2018-02-27 06:32:40'),
(25, 24, 'Dr. Moises Abshire PhD', 'Ducimus officia sapiente autem dolores. Autem quisquam aut dolores aut sit ipsum alias. Eius quia magnam sed temporibus sunt. Rem voluptatibus quia consequatur deleniti cum aut et.', 3, '2018-02-27 06:32:40', '2018-02-27 06:32:40'),
(26, 8, 'Jewel Okuneva', 'Fuga saepe voluptas qui rerum. Aut magni sit ducimus quasi. Voluptate voluptatem aliquam recusandae alias et quia. Occaecati velit ex non.', 0, '2018-02-27 06:32:40', '2018-02-27 06:32:40'),
(27, 6, 'Keven Wyman', 'Excepturi recusandae quibusdam autem molestias voluptatum cum. Nobis et est qui praesentium eligendi quos pariatur. Delectus libero laborum nihil excepturi qui expedita.', 4, '2018-02-27 06:32:40', '2018-02-27 06:32:40'),
(28, 14, 'Reva Schneider', 'Quia aut qui dignissimos modi reprehenderit nostrum minima. Et quis accusamus unde quasi sit consectetur numquam est. Ut eaque commodi neque.', 3, '2018-02-27 06:32:40', '2018-02-27 06:32:40'),
(29, 8, 'Ms. Jaida Murray', 'Eius occaecati enim omnis molestiae mollitia. Consequatur ut corporis deleniti quis quam. Sed eius nisi itaque aut. Qui similique vitae qui minima aut ea. Voluptate sed ducimus nobis perferendis.', 0, '2018-02-27 06:32:40', '2018-02-27 06:32:40'),
(31, 31, 'Jeanette Williamson', 'Culpa expedita quos molestiae. Vero vel aliquid iste magnam recusandae quisquam. Architecto expedita a similique et qui debitis.', 2, '2018-02-27 06:32:40', '2018-02-27 06:32:40'),
(32, 13, 'Alvah Casper', 'Eum nisi quo maxime magni nihil nemo officia. Sequi rerum error necessitatibus libero veniam occaecati.', 1, '2018-02-27 06:32:40', '2018-02-27 06:32:40'),
(33, 42, 'Shea Goldner', 'Inventore quis accusamus numquam et ut. In autem inventore suscipit et aut consequatur tempora. Aliquam id saepe explicabo omnis architecto.', 1, '2018-02-27 06:32:40', '2018-02-27 06:32:40'),
(34, 28, 'jibon', 'nice', 4, '2018-02-27 06:32:40', '2018-02-27 09:54:43'),
(35, 10, 'Prof. Nathanial Vandervort MD', 'Ipsum expedita sed occaecati qui. Temporibus optio fugit magni quis voluptas voluptas reiciendis nam. Veniam animi dolor enim sit consequatur non. Ratione ea ut ullam qui harum et esse quis.', 3, '2018-02-27 06:32:40', '2018-02-27 06:32:40'),
(36, 31, 'Dr. Martin Ziemann I', 'Eos sint ut atque tempore libero sed fugiat. Enim quia delectus nulla qui.', 3, '2018-02-27 06:32:40', '2018-02-27 06:32:40'),
(37, 21, 'Miss Roxane Veum IV', 'Et itaque nostrum animi. Ut quis numquam dignissimos. Nam voluptas ut repellendus asperiores aut. Laborum nihil vitae quos error aut. Aspernatur doloribus odio eum quasi reprehenderit tempore sed optio.', 1, '2018-02-27 06:32:40', '2018-02-27 06:32:40'),
(38, 42, 'Sandrine Corkery', 'Nesciunt ut suscipit aut. Perspiciatis consequuntur molestiae provident qui. Fugiat et harum asperiores et. Nostrum consequatur quam veritatis qui dolorem.', 5, '2018-02-27 06:32:40', '2018-02-27 06:32:40'),
(39, 16, 'Dr. Doug Renner', 'In id rerum id qui. Similique fuga quo et sit. Sapiente voluptate culpa voluptas.', 2, '2018-02-27 06:32:41', '2018-02-27 06:32:41'),
(40, 43, 'Dr. Allan Satterfield PhD', 'Sint est non necessitatibus laboriosam mollitia non. Modi voluptate neque pariatur est libero ducimus nemo omnis. Dolor velit tempora non. Maiores qui molestiae sunt et veritatis.', 5, '2018-02-27 06:32:41', '2018-02-27 06:32:41'),
(41, 48, 'Eleazar Cartwright', 'Et et exercitationem optio dignissimos. Qui dolorem ut repudiandae nostrum perspiciatis aut. Omnis minus est nesciunt eaque ipsam sed. Deleniti veniam temporibus consectetur esse rerum ut. Hic consequatur et non voluptatem quia.', 3, '2018-02-27 06:32:41', '2018-02-27 06:32:41'),
(42, 12, 'Uriah Marvin', 'Quae ullam commodi numquam tenetur. Animi eum omnis voluptas. Ut inventore a asperiores. Nobis nobis nihil autem dicta ea accusantium provident. Distinctio fugiat ut vel.', 5, '2018-02-27 06:32:41', '2018-02-27 06:32:41'),
(43, 44, 'Hayden Lesch', 'Id voluptatum consectetur dolorem dolor minima enim provident. Eligendi saepe deserunt maiores ut at voluptatem quis. Dolor porro praesentium sed molestiae incidunt. Eos deserunt nulla optio natus.', 1, '2018-02-27 06:32:41', '2018-02-27 06:32:41'),
(44, 46, 'Prof. Annie Bashirian', 'Expedita est sit maxime qui voluptatem. Sed earum quia autem culpa ut molestiae. Fugit officia enim eaque qui accusantium porro suscipit.', 4, '2018-02-27 06:32:41', '2018-02-27 06:32:41'),
(45, 10, 'Mauricio Hartmann', 'Praesentium quod et sunt officiis quia distinctio. Earum corporis excepturi iure accusamus. Recusandae quia omnis ut aliquam et consequatur dolores. Sed placeat et alias natus voluptates provident saepe possimus. Vitae distinctio et sequi eum molestias eos id.', 3, '2018-02-27 06:32:41', '2018-02-27 06:32:41'),
(46, 4, 'Gina Batz', 'Omnis nam non qui a iste eos quasi voluptates. Id maxime provident placeat numquam quis harum enim ut. Tempora laborum est quasi. Harum voluptates perferendis sit.', 0, '2018-02-27 06:32:41', '2018-02-27 06:32:41'),
(47, 6, 'Susie Sauer', 'Esse facilis sit exercitationem quam occaecati. Quam delectus alias beatae nobis iure atque occaecati sunt. Aut totam aut ut quia.', 0, '2018-02-27 06:32:41', '2018-02-27 06:32:41'),
(48, 47, 'Delaney Herzog', 'Aut dolor sed ea minima. Quos voluptatibus fugit porro aliquam quos.', 5, '2018-02-27 06:32:41', '2018-02-27 06:32:41'),
(49, 13, 'Eileen Schuppe', 'Voluptates consequuntur et et corporis. Perspiciatis esse accusantium sed nisi molestiae tenetur dolores officia. Dicta ea et magnam iure reiciendis aliquam iste. Nemo temporibus dolore debitis maxime magnam totam.', 5, '2018-02-27 06:32:41', '2018-02-27 06:32:41'),
(50, 25, 'Jaiden Gaylord', 'Eum ratione mollitia molestiae molestias. Ipsam fugit et incidunt non ullam autem id. Corporis voluptas libero rerum et ut.', 2, '2018-02-27 06:32:41', '2018-02-27 06:32:41'),
(51, 17, 'Ms. Abby Blanda PhD', 'Officia autem molestias itaque sint assumenda voluptatem architecto. Facilis fugit culpa soluta sunt aut laborum. Praesentium maiores corporis nisi. Perferendis ad eum harum qui nam odit enim.', 3, '2018-02-27 06:32:41', '2018-02-27 06:32:41'),
(52, 27, 'Geo Bernhard', 'Ipsam harum cumque et accusamus aliquid. Dolore ut ut sint perspiciatis. Quae architecto velit nihil dolor et vel. Recusandae quia dolores optio.', 2, '2018-02-27 06:32:41', '2018-02-27 06:32:41'),
(54, 17, 'Prof. Ryder Koss I', 'Dolorum voluptas odio consequuntur ut. Iste earum necessitatibus doloribus corrupti asperiores laboriosam voluptates. Sit distinctio tenetur esse nesciunt quis.', 4, '2018-02-27 06:32:41', '2018-02-27 06:32:41'),
(55, 16, 'Miss Kaitlin Becker', 'Et perferendis et et quis excepturi quos. Fugit et corporis dolor natus dolores aut omnis. Dolores deserunt et ducimus dolorum neque sint temporibus. Sit veritatis temporibus iste eligendi blanditiis.', 2, '2018-02-27 06:32:41', '2018-02-27 06:32:41'),
(56, 13, 'Mr. Claud Kulas Jr.', 'Et alias rem ut itaque cumque. Dolorem molestiae non rerum qui ullam. Fuga qui eum aliquam rem minima. Blanditiis nihil vel iusto similique minima enim tempora.', 4, '2018-02-27 06:32:41', '2018-02-27 06:32:41'),
(57, 40, 'Joanny Grady V', 'Ex accusantium cumque quo libero tempore a dolorem. Voluptatem quo qui magni sed. Totam facere dolorum est aut nihil nisi temporibus porro.', 4, '2018-02-27 06:32:41', '2018-02-27 06:32:41'),
(58, 29, 'Mr. Zachary Osinski I', 'Voluptas hic placeat consequatur et amet. Voluptatem sed voluptates sint amet odio nostrum. Provident magni quos maxime esse temporibus repellat. Maxime ad veritatis ipsam atque voluptatem aut praesentium officiis.', 1, '2018-02-27 06:32:41', '2018-02-27 06:32:41'),
(60, 16, 'Shaniya Rowe', 'Consequatur tenetur ab voluptates distinctio. Id explicabo tempore aut nemo aut at. Nobis et ut rerum sed totam fuga. Natus quidem molestiae rerum quia tempore recusandae quia.', 0, '2018-02-27 06:32:41', '2018-02-27 06:32:41'),
(62, 13, 'Rickie Cartwright', 'Reiciendis aut aut eaque tenetur voluptates quia in. Aspernatur delectus velit delectus cum dolores quo. Ipsum tempore distinctio hic et illum. Qui maxime cum explicabo nostrum. Distinctio quia nam corporis dolores dolor.', 2, '2018-02-27 06:32:41', '2018-02-27 06:32:41'),
(63, 45, 'Miss Kitty Marks', 'Omnis laboriosam omnis ipsum pariatur nihil ut harum. Asperiores eum ut minima quo nesciunt.', 1, '2018-02-27 06:32:41', '2018-02-27 06:32:41'),
(64, 46, 'Mallory Buckridge', 'Doloribus provident iure atque quisquam consequatur aspernatur. Ipsam quos quisquam sit aspernatur ad. Nisi ex quis at exercitationem dolorem dicta.', 3, '2018-02-27 06:32:41', '2018-02-27 06:32:41'),
(65, 10, 'Dr. Janiya Gutkowski III', 'Molestiae sit dolores officiis. Dolor aliquid sed quasi tenetur est quia voluptas aut. Pariatur illo pariatur eum est laborum sit. Nihil cum velit ullam voluptates blanditiis mollitia qui.', 0, '2018-02-27 06:32:41', '2018-02-27 06:32:41'),
(66, 19, 'Alexandrea Sanford', 'Est voluptas nam enim sed quia quia ut. Velit aspernatur laudantium qui asperiores a est. Eligendi facere quas itaque maiores.', 0, '2018-02-27 06:32:41', '2018-02-27 06:32:41'),
(67, 21, 'Domingo Wolff', 'Autem tempora quia quas consequuntur molestias consequatur. Pariatur asperiores omnis voluptatum itaque qui iste dicta. Dolor occaecati nemo aut dolorum libero ab rerum.', 1, '2018-02-27 06:32:41', '2018-02-27 06:32:41'),
(68, 10, 'Miss Amiya Wintheiser V', 'Ea sed totam itaque qui. Ea sint dolores unde soluta dolore quo consequatur. Non sapiente molestiae dicta sapiente consequatur magni eius odio.', 0, '2018-02-27 06:32:41', '2018-02-27 06:32:41'),
(69, 49, 'Adrian Moen', 'Iusto deleniti eum soluta placeat. Animi ipsa ea quia voluptates. Quibusdam quaerat quis nemo velit.', 5, '2018-02-27 06:32:41', '2018-02-27 06:32:41'),
(70, 19, 'Ardella Reinger', 'Mollitia quibusdam rerum delectus dolor eligendi minima. Tempore et expedita non omnis unde recusandae at. Veniam odit maiores culpa. Delectus fuga vero nisi eos.', 2, '2018-02-27 06:32:41', '2018-02-27 06:32:41'),
(71, 18, 'Dr. Jodie Konopelski', 'Dignissimos ut laudantium ut dicta blanditiis in placeat nesciunt. Nihil culpa minima esse. Sunt alias omnis et quas.', 3, '2018-02-27 06:32:41', '2018-02-27 06:32:41'),
(73, 22, 'Kenyatta Ziemann', 'Accusamus ex maxime quo consequatur soluta ab ipsa nemo. Odio consequatur neque beatae eum aut quos. Ullam illo molestiae alias et officia. Aspernatur dolor iure doloribus alias recusandae ducimus.', 1, '2018-02-27 06:32:41', '2018-02-27 06:32:41'),
(74, 2, 'Prof. Malcolm McCullough', 'Id sit eos dolor dolorem quia sunt. Velit placeat sapiente voluptatum sunt ipsa earum ratione. Molestias totam repellat iusto voluptatem.', 5, '2018-02-27 06:32:41', '2018-02-27 06:32:41'),
(75, 44, 'Jennyfer Abshire II', 'Explicabo eaque eveniet et et voluptas natus cupiditate. Repudiandae sit sit perferendis eum sit mollitia. Eaque totam ut nobis consequuntur.', 5, '2018-02-27 06:32:41', '2018-02-27 06:32:41'),
(76, 11, 'Otis Padberg PhD', 'Atque reiciendis rem ipsum sapiente magni vel necessitatibus. Velit culpa ullam est cumque enim vero quo. Suscipit qui saepe architecto qui.', 1, '2018-02-27 06:32:41', '2018-02-27 06:32:41'),
(77, 17, 'Mrs. Alverta Mayer', 'Consequatur exercitationem rerum repellendus doloremque. Voluptate facere nam voluptatem. Molestias molestias distinctio ut ipsam aliquid rerum.', 4, '2018-02-27 06:32:41', '2018-02-27 06:32:41'),
(78, 30, 'Fausto Klocko III', 'Et repellendus quaerat autem et voluptas est dolores. Alias atque sed sed repellendus. Vel voluptatem ea rerum voluptas reprehenderit corrupti.', 4, '2018-02-27 06:32:41', '2018-02-27 06:32:41'),
(79, 15, 'Amparo Dickinson', 'Porro accusantium minima consequuntur officia dolor natus. Labore odit consequatur et corrupti error. Quia et qui vitae.', 2, '2018-02-27 06:32:42', '2018-02-27 06:32:42'),
(82, 17, 'Jaquelin Schowalter IV', 'Dolor velit nesciunt asperiores quisquam cumque dignissimos ipsam. Quas est nesciunt ratione hic debitis. Consequuntur expedita dolorem animi in quas et sint. Omnis ab quae vitae quaerat.', 1, '2018-02-27 06:32:42', '2018-02-27 06:32:42'),
(83, 9, 'Mr. Nestor Kemmer', 'Animi illo consequatur vero eaque. Accusamus consequatur sit et similique ipsum. Est ullam perferendis voluptates maxime vel impedit.', 3, '2018-02-27 06:32:42', '2018-02-27 06:32:42'),
(85, 14, 'Sadye Haley', 'Nemo enim sed accusantium sint eum. Voluptatem et ut cupiditate minus. Ex et cumque culpa sit delectus aut sunt excepturi. Repellendus iste blanditiis doloribus est voluptate.', 0, '2018-02-27 06:32:42', '2018-02-27 06:32:42'),
(86, 25, 'Gabrielle Crooks', 'Qui ut illo quas a. Consequuntur laboriosam enim sequi et. Quibusdam excepturi in provident rerum nisi autem aut.', 3, '2018-02-27 06:32:42', '2018-02-27 06:32:42'),
(87, 30, 'Freddie Morissette', 'Delectus voluptate temporibus consequuntur qui veritatis sed. Et nihil qui cum excepturi quam deserunt natus autem. Vitae quod id qui quia possimus odit impedit ut. In velit tenetur nisi exercitationem id quaerat distinctio. Sequi ullam et aspernatur officia odit est.', 0, '2018-02-27 06:32:42', '2018-02-27 06:32:42'),
(88, 49, 'Dr. Kelly Feil V', 'Libero deserunt amet alias eum aliquam et labore temporibus. Aspernatur dolores ducimus perspiciatis est non. Temporibus qui nemo earum ut assumenda quo autem. Magni tenetur dolores illo a totam.', 3, '2018-02-27 06:32:42', '2018-02-27 06:32:42'),
(89, 28, 'Allison Wiza', 'Aliquid facilis sint dolor eos voluptates. Ut porro eos sunt itaque nihil dolorem aperiam. Nesciunt pariatur quo mollitia rerum mollitia iusto. Minima enim ad quia omnis officiis voluptatibus.', 3, '2018-02-27 06:32:42', '2018-02-27 06:32:42'),
(90, 41, 'Hannah Murphy', 'Nesciunt dolorem dicta molestiae nisi corporis doloremque. Incidunt doloremque adipisci sint ut. Occaecati explicabo non corporis et accusantium possimus libero perspiciatis.', 4, '2018-02-27 06:32:42', '2018-02-27 06:32:42'),
(91, 50, 'Tremayne Kautzer', 'Voluptatem ipsam et officia consequatur impedit beatae et quia. Qui occaecati dolorum et quia dolor voluptatem nisi. Aut architecto voluptate ipsam nihil facere. Est voluptas ullam blanditiis aut dignissimos voluptatem.', 1, '2018-02-27 06:32:42', '2018-02-27 06:32:42'),
(92, 29, 'Prof. Colt Paucek IV', 'Non vel consequuntur autem sed unde. Sit aut nisi exercitationem. Nihil quisquam possimus natus aut voluptatum sunt qui.', 4, '2018-02-27 06:32:42', '2018-02-27 06:32:42'),
(93, 6, 'Shaylee Russel', 'Quo necessitatibus laborum aperiam corrupti. Vel aut minima fugiat nihil non. Iste dolor itaque eos ipsum eos vel dolor. Distinctio neque neque sunt repellendus consequatur consectetur rem repudiandae. Amet ducimus voluptas totam est deleniti fugiat voluptatem.', 2, '2018-02-27 06:32:42', '2018-02-27 06:32:42'),
(94, 31, 'Meta Wehner', 'Laboriosam ea itaque aspernatur soluta et. In beatae maiores et qui ut. Ut ducimus similique maiores est vero. Consequatur ullam sit nobis quam.', 0, '2018-02-27 06:32:42', '2018-02-27 06:32:42'),
(95, 4, 'Erin Gleichner', 'Quia est cum necessitatibus autem in. Vitae ea quia ut tempore corrupti. Dolore aliquid provident dolorum soluta.', 5, '2018-02-27 06:32:42', '2018-02-27 06:32:42'),
(96, 33, 'Ms. Carolina Ferry IV', 'Aliquam et praesentium fugiat voluptas veritatis. Ipsa voluptatem consequatur quam voluptas.', 5, '2018-02-27 06:32:42', '2018-02-27 06:32:42'),
(97, 11, 'Carli Smith', 'Quis quia aperiam ratione voluptas. Dignissimos voluptatum iure consequatur molestias. Mollitia quia suscipit sit et deserunt quod.', 2, '2018-02-27 06:32:42', '2018-02-27 06:32:42'),
(98, 49, 'Brandon Dickinson', 'Quia non dolorem nemo. Omnis et atque earum libero et.', 0, '2018-02-27 06:32:42', '2018-02-27 06:32:42'),
(99, 15, 'Destany Schowalter', 'Repudiandae aliquid nihil nesciunt ut sed est. Sed quia tempora quo cumque. Enim quo nisi aut neque. Ratione aut pariatur aperiam architecto aut occaecati.', 5, '2018-02-27 06:32:42', '2018-02-27 06:32:42'),
(100, 48, 'Skye Schroeder', 'Sed ipsam id blanditiis ut id odit minus quidem. Harum hic repudiandae minus. Asperiores voluptates minus reprehenderit cumque qui. Provident totam excepturi atque minima.', 4, '2018-02-27 06:32:42', '2018-02-27 06:32:42'),
(101, 34, 'Dr. Joannie Anderson III', 'Vel esse ad libero et deleniti mollitia est hic. Repudiandae quae et occaecati quia. Est magni animi quia consequatur aspernatur occaecati quo.', 5, '2018-02-27 06:32:42', '2018-02-27 06:32:42'),
(102, 9, 'Leonora Schuppe', 'Nobis inventore natus qui aut. Alias voluptas optio quos quis aut reprehenderit. Error in ut pariatur quia non.', 2, '2018-02-27 06:32:42', '2018-02-27 06:32:42'),
(103, 33, 'Prof. Miracle Conroy MD', 'Dolores quia provident cumque et quidem. Alias mollitia labore delectus id qui. Perferendis autem facilis corporis eum ipsum consequatur omnis nostrum. Veritatis eum itaque modi beatae dicta qui illum.', 5, '2018-02-27 06:32:42', '2018-02-27 06:32:42'),
(104, 33, 'Prof. Cale Sauer', 'Numquam praesentium iste rerum incidunt non. Aut suscipit non voluptatem cum sit. Quam accusamus maxime non qui saepe quod consequatur. Qui aut labore repellendus modi.', 2, '2018-02-27 06:32:42', '2018-02-27 06:32:42'),
(105, 16, 'Joanie Kshlerin', 'Pariatur cupiditate ex repudiandae illum consectetur ducimus consectetur. Commodi velit saepe qui qui. Pariatur reiciendis quo et. Provident unde quia sunt est perspiciatis.', 1, '2018-02-27 06:32:42', '2018-02-27 06:32:42'),
(106, 10, 'Tod Weissnat', 'Sint voluptas nisi mollitia aut blanditiis eligendi minus. Quidem voluptatem sit sed. Expedita blanditiis sunt odio vel cupiditate quos aliquid.', 3, '2018-02-27 06:32:42', '2018-02-27 06:32:42'),
(107, 48, 'Eryn Herzog', 'Laboriosam placeat facilis neque. Itaque cum ad voluptatem ipsa omnis. Laudantium quo fugiat quasi iusto non. Natus omnis minus adipisci fugit odit.', 1, '2018-02-27 06:32:42', '2018-02-27 06:32:42'),
(108, 47, 'Johnson Zemlak', 'Tempora mollitia omnis deleniti id eos. Ut id ea occaecati aut error minus et accusantium. In fugiat placeat culpa error totam.', 5, '2018-02-27 06:32:42', '2018-02-27 06:32:42'),
(109, 48, 'Heath Harber', 'Molestias atque eveniet labore facilis aut nobis. Molestias incidunt voluptas autem est sunt doloremque. Quod voluptas quam explicabo nulla magnam. Magnam vero nam explicabo reiciendis adipisci dolorum ratione ut.', 1, '2018-02-27 06:32:42', '2018-02-27 06:32:42'),
(110, 23, 'Hortense Williamson', 'Natus odit quo esse quasi asperiores impedit est quas. Placeat sit et est tempore nihil. Optio velit culpa non rerum iste.', 1, '2018-02-27 06:32:42', '2018-02-27 06:32:42'),
(111, 25, 'Alva Hagenes', 'Beatae ipsum dolorem fugit in sit qui. Commodi accusantium perferendis fugiat nihil eos vero. Dolorem vero tempore asperiores. Ratione atque atque ut doloribus. Quis quo molestiae ut nisi.', 2, '2018-02-27 06:32:42', '2018-02-27 06:32:42'),
(112, 15, 'Ludwig Crona', 'Omnis nulla sint nisi architecto vel. Eos magnam illum neque mollitia aspernatur qui non. Blanditiis quis maxime rerum laboriosam velit quia excepturi.', 0, '2018-02-27 06:32:42', '2018-02-27 06:32:42'),
(113, 34, 'Prof. Clifford Blanda Sr.', 'Est temporibus et velit et sed molestias accusantium. Vero nulla recusandae ad. Odio odit id doloribus ut.', 1, '2018-02-27 06:32:42', '2018-02-27 06:32:42'),
(115, 9, 'Ms. Graciela Bergstrom II', 'Porro atque sed animi voluptates nihil amet mollitia. Eum beatae doloremque magnam aut alias quia quas. Expedita in consectetur et accusantium occaecati autem.', 3, '2018-02-27 06:32:42', '2018-02-27 06:32:42'),
(116, 1, 'Wendy Hessel', 'Necessitatibus et quidem vel et quia corrupti minima mollitia. Repellendus ut delectus repudiandae. Dignissimos praesentium numquam adipisci itaque sed modi mollitia.', 0, '2018-02-27 06:32:42', '2018-02-27 06:32:42'),
(117, 25, 'Lacy Goyette', 'Placeat quis laudantium delectus. Ea aliquid et quis et.', 5, '2018-02-27 06:32:42', '2018-02-27 06:32:42'),
(118, 49, 'Marjorie Von', 'Possimus laudantium animi laudantium aspernatur aspernatur. Sint et voluptatem earum mollitia voluptatem et atque et. Iste maiores cum qui aliquid. Dicta est sint accusamus ipsa sint asperiores provident.', 3, '2018-02-27 06:32:42', '2018-02-27 06:32:42'),
(119, 22, 'Jaleel Gorczany', 'Deserunt voluptatem numquam libero. Id ex sunt fugiat. Saepe praesentium et consequatur.', 2, '2018-02-27 06:32:42', '2018-02-27 06:32:42'),
(120, 41, 'Randall Welch', 'Ipsam et fuga quis deserunt. Labore odit non fuga itaque. Vitae corrupti ut quia incidunt sunt sequi tempore. Consequuntur labore in error.', 0, '2018-02-27 06:32:42', '2018-02-27 06:32:42'),
(121, 49, 'Verla Boyer', 'Tempore accusamus explicabo rerum officia qui. Qui neque sint ab qui consequatur ipsum. Laboriosam distinctio ea dicta delectus quidem adipisci est labore. Excepturi voluptate est tempore quibusdam culpa in autem.', 4, '2018-02-27 06:32:42', '2018-02-27 06:32:42'),
(122, 20, 'Veda Schimmel Sr.', 'Non autem dolores modi ut quod voluptatem. Rerum voluptatum rerum reiciendis cupiditate. Dolores quo ex ipsum eum voluptatum sapiente aut ea. Error earum velit doloremque molestias voluptates.', 1, '2018-02-27 06:32:42', '2018-02-27 06:32:42'),
(123, 26, 'Jerel Wisozk', 'Quod et qui voluptatem aspernatur explicabo. Officiis dolor iste voluptatibus ex rerum debitis. Unde maxime mollitia molestias sequi earum reiciendis. Vel laborum beatae neque numquam.', 3, '2018-02-27 06:32:42', '2018-02-27 06:32:42'),
(124, 5, 'Ms. Paula Wolf', 'Voluptas fuga quia ad facere. Earum voluptatem sint cum hic. Harum dignissimos assumenda consequatur dolorum cupiditate. Et veritatis numquam earum est distinctio omnis incidunt.', 0, '2018-02-27 06:32:42', '2018-02-27 06:32:42'),
(125, 38, 'Amiya Wiegand', 'In qui mollitia rerum voluptas. Ut commodi quis rerum dolor. Quidem sint perferendis et sit eos. Dolores veritatis ducimus dicta et dolore commodi voluptatem deleniti.', 1, '2018-02-27 06:32:42', '2018-02-27 06:32:42'),
(126, 17, 'Tess Simonis', 'A laudantium et repellat quasi. Numquam est ratione est optio et. Consequatur et eveniet ipsum et veniam error. Et inventore consequuntur a iste beatae nihil nihil. Quo dolorum nesciunt optio perspiciatis ut ex cum.', 2, '2018-02-27 06:32:42', '2018-02-27 06:32:42'),
(127, 4, 'Gisselle Fay PhD', 'Voluptas quisquam minima eligendi. In ut occaecati tempora non rem. Sint nemo aut ad ut suscipit neque rerum voluptatem.', 5, '2018-02-27 06:32:43', '2018-02-27 06:32:43'),
(128, 6, 'Bell Wintheiser', 'Earum est dignissimos quis non quae consectetur. Voluptas corporis nemo in ea. Mollitia saepe temporibus porro consectetur.', 2, '2018-02-27 06:32:43', '2018-02-27 06:32:43'),
(129, 14, 'Michaela Kreiger', 'Omnis impedit nihil molestiae ut exercitationem et non natus. Consequatur magni quos porro eum. Perferendis sed suscipit dolore numquam. Quo optio nihil officiis mollitia eligendi sunt.', 1, '2018-02-27 06:32:43', '2018-02-27 06:32:43'),
(131, 27, 'Prof. Augustine Eichmann Sr.', 'Distinctio laudantium odit nobis distinctio tenetur. Quis ut reiciendis voluptatem laudantium et deleniti nesciunt. Iusto beatae quae occaecati et.', 3, '2018-02-27 06:32:43', '2018-02-27 06:32:43'),
(132, 33, 'Matteo Feil', 'Dignissimos perferendis nam perspiciatis a possimus. Saepe non repudiandae voluptatem non molestias. Rem aut molestiae iure esse numquam nulla.', 4, '2018-02-27 06:32:43', '2018-02-27 06:32:43'),
(133, 16, 'Eloisa Kunze', 'Et reprehenderit qui reiciendis quasi enim. Sunt alias neque ut dicta unde voluptate et. Occaecati dolore corporis quam voluptas.', 0, '2018-02-27 06:32:43', '2018-02-27 06:32:43'),
(134, 5, 'Opal Collins', 'Repellat aspernatur velit optio incidunt ipsum sed. Fugit eum consequatur doloremque est voluptatem at. Et odit doloribus libero incidunt. Reiciendis sit sunt sit dolor accusamus.', 2, '2018-02-27 06:32:43', '2018-02-27 06:32:43'),
(135, 45, 'Prof. Ladarius Marquardt', 'Itaque earum quo suscipit ut. Cum rerum laborum amet facilis enim. Suscipit ut ab et blanditiis reiciendis deserunt perspiciatis quo. Esse repellendus delectus cumque modi.', 1, '2018-02-27 06:32:43', '2018-02-27 06:32:43'),
(136, 1, 'Guiseppe Smith', 'Fuga corrupti dolor doloremque optio. Temporibus veniam quia maiores sint laudantium odio. Doloremque earum fugit veritatis in et labore illum.', 1, '2018-02-27 06:32:43', '2018-02-27 06:32:43'),
(137, 5, 'Ashleigh Runolfsdottir', 'Maxime ipsa doloribus in omnis hic. Sit consequatur libero harum eum qui non. Explicabo consequuntur dolorem sequi numquam sed delectus. Voluptatem cumque ratione culpa veritatis rem quaerat.', 2, '2018-02-27 06:32:43', '2018-02-27 06:32:43'),
(138, 3, 'Helen Bashirian', 'Reiciendis suscipit corporis et voluptatum quos et. Consequuntur eum ullam sunt aut.', 4, '2018-02-27 06:32:43', '2018-02-27 06:32:43'),
(139, 41, 'Zoey Koch', 'Dignissimos omnis nihil sit magni. Et in quisquam soluta optio velit. Quis corporis ut distinctio.', 5, '2018-02-27 06:32:43', '2018-02-27 06:32:43'),
(140, 39, 'Ms. Meghan Langosh V', 'Inventore dolore quod omnis delectus voluptatibus necessitatibus et. Enim ut natus laboriosam repellat eos illum. Dolor non sapiente aut ab consequatur qui similique.', 1, '2018-02-27 06:32:43', '2018-02-27 06:32:43'),
(141, 43, 'Prof. Jimmie Gislason', 'Et et iste natus earum est eum eius rerum. Optio rerum ut eum quia recusandae sed. Libero eum ut sunt perferendis eveniet in. Explicabo ex impedit dolores omnis voluptatem beatae molestias.', 5, '2018-02-27 06:32:43', '2018-02-27 06:32:43'),
(142, 38, 'Rashawn Pfannerstill DVM', 'Deserunt rem repellat et quasi ab temporibus. Veritatis sapiente sit totam enim beatae accusamus. Porro dicta ut est quas voluptatem consectetur sint corrupti.', 0, '2018-02-27 06:32:43', '2018-02-27 06:32:43'),
(143, 7, 'Prof. Hillary Beahan', 'Unde ullam distinctio soluta ut. Veniam sunt sunt amet repellendus.', 1, '2018-02-27 06:32:43', '2018-02-27 06:32:43'),
(144, 29, 'Ms. Fae Grady V', 'Quos soluta quia ut. Et natus deserunt a excepturi rerum. Impedit fugiat sapiente quia id. Et labore alias est harum.', 4, '2018-02-27 06:32:43', '2018-02-27 06:32:43'),
(145, 18, 'Mr. Chase Sauer III', 'Non ipsa praesentium fugiat modi quam modi quos. Illo tenetur laborum qui rerum. Qui sunt odio repellat est nisi odit.', 2, '2018-02-27 06:32:43', '2018-02-27 06:32:43'),
(147, 10, 'Alessia Dickens', 'Quaerat temporibus aut ut voluptas. Sint voluptatem doloremque voluptates eligendi. Quae aspernatur deserunt non in omnis.', 0, '2018-02-27 06:32:43', '2018-02-27 06:32:43'),
(148, 34, 'Lacey Wyman', 'Voluptas eligendi pariatur voluptatem sit et. Fugiat asperiores laudantium et eaque consequatur. Dolore aliquid recusandae non harum quasi pariatur omnis. Sit quia accusantium aliquid debitis deserunt.', 2, '2018-02-27 06:32:43', '2018-02-27 06:32:43'),
(149, 20, 'Nathaniel Feil', 'Voluptatibus nesciunt porro pariatur. Inventore sed est quis repellendus distinctio eius enim. Omnis praesentium sequi rem eius. Dolorum non eaque repellendus eos omnis ipsam explicabo.', 2, '2018-02-27 06:32:43', '2018-02-27 06:32:43'),
(150, 49, 'Omari Fisher', 'Adipisci tempore quae explicabo in rerum sit. Commodi quisquam et quia perspiciatis enim accusantium quia eum. Quaerat voluptas sequi dolorem et cupiditate nihil autem expedita. Consequuntur quod placeat in velit excepturi.', 3, '2018-02-27 06:32:43', '2018-02-27 06:32:43'),
(151, 23, 'Aric Carter', 'Eligendi earum qui exercitationem expedita. Assumenda sunt omnis voluptas ab aliquid nostrum quod. Quaerat vitae aliquam sed expedita.', 1, '2018-02-27 06:32:43', '2018-02-27 06:32:43'),
(152, 16, 'Amie Jacobi', 'Doloribus suscipit suscipit quis dolor facilis recusandae. Beatae aspernatur odio deleniti porro consequatur. Qui est doloremque quo et et fugiat nesciunt sunt. Asperiores delectus vel placeat saepe autem unde totam.', 4, '2018-02-27 06:32:43', '2018-02-27 06:32:43'),
(153, 15, 'Prudence Strosin', 'Corporis ipsam quod aut aliquid. Sit a voluptas qui. Et veniam rerum non nobis.', 1, '2018-02-27 06:32:43', '2018-02-27 06:32:43'),
(154, 26, 'Euna Renner', 'Necessitatibus unde et dignissimos velit esse tenetur aut. Eum autem sit hic inventore est.', 5, '2018-02-27 06:32:43', '2018-02-27 06:32:43'),
(155, 34, 'Aida Gottlieb', 'Nobis quod sit voluptatibus omnis magni sunt at. Exercitationem qui asperiores nihil et et dolorum eos. Eos incidunt nulla placeat odio vero voluptatem.', 0, '2018-02-27 06:32:43', '2018-02-27 06:32:43'),
(156, 30, 'Prof. Ola Okuneva', 'Deleniti itaque fugit porro. Consequatur adipisci id eum sint perferendis. Dolor laudantium error qui rem aliquam cupiditate. Voluptatum nostrum officia sed blanditiis neque non.', 5, '2018-02-27 06:32:43', '2018-02-27 06:32:43'),
(157, 31, 'Ethelyn Ritchie', 'In delectus ducimus harum dolores. Nihil aut voluptatem mollitia nisi aliquid. Corporis molestiae necessitatibus dolores ipsam. Quis debitis quo autem iure et possimus.', 3, '2018-02-27 06:32:43', '2018-02-27 06:32:43'),
(158, 24, 'Roger Lehner', 'Nulla labore eligendi eaque velit voluptatem. Eveniet libero magni quidem. Deserunt perferendis cum a voluptatem. Molestias fugiat deserunt voluptatem sint qui eos sed illum.', 4, '2018-02-27 06:32:43', '2018-02-27 06:32:43'),
(159, 7, 'Prof. Santa Kuhn', 'Autem accusantium autem voluptate et inventore voluptatibus unde. Velit et ullam voluptates et tenetur. Ea cumque officia impedit unde. Ut illum quo quaerat aperiam quasi voluptatem. Voluptatem corporis ut iste.', 2, '2018-02-27 06:32:43', '2018-02-27 06:32:43'),
(160, 42, 'Miss Flossie Zieme', 'Quia beatae placeat veritatis non. Temporibus ut nostrum et qui in deleniti. Sint adipisci laboriosam assumenda architecto suscipit.', 0, '2018-02-27 06:32:43', '2018-02-27 06:32:43'),
(161, 47, 'Mrs. Shana Fay', 'Aut non minima nostrum impedit nulla cupiditate. Porro alias nihil facilis nesciunt voluptatem. Fugiat et est qui aut deserunt est reiciendis veniam.', 4, '2018-02-27 06:32:43', '2018-02-27 06:32:43'),
(162, 43, 'Nicholas Christiansen DDS', 'Velit quam suscipit distinctio iusto perspiciatis. Blanditiis in sed laboriosam nisi quisquam sit. In voluptas sapiente minima dolores reiciendis et nam.', 5, '2018-02-27 06:32:43', '2018-02-27 06:32:43'),
(163, 46, 'Alexane Harber', 'Iure eligendi ut non rerum repellat. Quia dolor voluptas fugit et. Et quaerat beatae sit.', 2, '2018-02-27 06:32:43', '2018-02-27 06:32:43'),
(164, 33, 'Mrs. Ora Langworth', 'Nisi possimus quia nam officiis cum rerum. Eius molestiae corrupti earum laboriosam numquam.', 3, '2018-02-27 06:32:43', '2018-02-27 06:32:43'),
(165, 3, 'Donnie Windler I', 'Impedit voluptates voluptatem aut aut sapiente consectetur dicta. Nobis expedita libero minus. Natus tempore maiores temporibus tenetur fugiat sunt nulla. Qui eveniet et nam repudiandae exercitationem et optio.', 2, '2018-02-27 06:32:43', '2018-02-27 06:32:43'),
(166, 41, 'Mr. Hipolito Baumbach II', 'Cumque sequi ab velit praesentium. Placeat animi inventore et eos optio fuga. Sed voluptatibus saepe id quae.', 1, '2018-02-27 06:32:43', '2018-02-27 06:32:43'),
(167, 8, 'Rylee Schulist', 'Doloribus iure eos dolorem rerum. Facilis modi consequatur in voluptas. Mollitia atque recusandae et alias ut voluptas quisquam.', 3, '2018-02-27 06:32:43', '2018-02-27 06:32:43'),
(168, 12, 'Forest Ebert', 'Porro sapiente aperiam atque qui dolor delectus. Aut repudiandae reprehenderit sequi quia laborum facilis. Nobis consequatur nesciunt qui nostrum. Fuga accusantium provident tempore quod earum id ipsa. Id qui culpa et vitae tempore corrupti perspiciatis repudiandae.', 4, '2018-02-27 06:32:43', '2018-02-27 06:32:43'),
(169, 28, 'Prof. Myles Kovacek', 'Itaque tempore quia quas quisquam quia sit. Qui dolor aut id. Aut est nesciunt distinctio consequatur blanditiis temporibus et. Hic atque adipisci blanditiis ut praesentium.', 1, '2018-02-27 06:32:44', '2018-02-27 06:32:44'),
(170, 12, 'Prof. Monte O\'Connell', 'Numquam repellat est aut assumenda. Quia in maxime aut animi doloremque saepe. Et recusandae sint et sit nostrum quisquam ut. Similique molestias aut quisquam iste et porro ullam cumque.', 1, '2018-02-27 06:32:44', '2018-02-27 06:32:44'),
(171, 49, 'Julius Will', 'Consequuntur non ratione rem est suscipit est. Ut soluta labore incidunt incidunt unde dolores. Earum ullam fugit occaecati aperiam.', 5, '2018-02-27 06:32:44', '2018-02-27 06:32:44'),
(172, 27, 'Shanie Predovic', 'Ea molestiae assumenda aut iusto ut nemo dolor sunt. A qui ut architecto sed modi soluta. Vitae molestias id in harum eos.', 3, '2018-02-27 06:32:44', '2018-02-27 06:32:44'),
(173, 24, 'Prof. Zoey Hamill', 'Numquam quam alias ut itaque. Officia sit et natus qui. In quod repudiandae ab commodi. Culpa quasi quis possimus rerum.', 5, '2018-02-27 06:32:44', '2018-02-27 06:32:44'),
(174, 33, 'Lonie Wuckert', 'Nobis aut perferendis perspiciatis magni eos soluta modi. Ipsum dolorum sit officiis provident laboriosam.', 4, '2018-02-27 06:32:44', '2018-02-27 06:32:44'),
(175, 3, 'Winona Fritsch', 'Beatae eum qui aut enim. Molestiae voluptate mollitia corporis eos magni temporibus placeat optio. Est voluptatum libero cumque suscipit possimus et dicta et. Sint qui at doloribus odio.', 3, '2018-02-27 06:32:44', '2018-02-27 06:32:44'),
(176, 21, 'Mr. Russ Gleason III', 'Quisquam facilis aut voluptatem officia accusantium consequatur quia. Et ut sit porro labore pariatur nam nesciunt. Qui sed qui et sint veritatis.', 4, '2018-02-27 06:32:44', '2018-02-27 06:32:44'),
(177, 49, 'Ms. Mafalda O\'Keefe', 'Unde dolor consequatur consequatur qui eum ipsum. In quia mollitia autem quas et deleniti sint. Aut dolorum perspiciatis sit atque.', 5, '2018-02-27 06:32:44', '2018-02-27 06:32:44'),
(178, 31, 'Loma Rodriguez', 'Est et quod magnam illum magnam qui hic. Nemo velit adipisci distinctio doloremque commodi quia. Dolores eos maxime ut perferendis ea temporibus. Corporis quam veritatis veritatis quisquam dolores quis aut.', 2, '2018-02-27 06:32:44', '2018-02-27 06:32:44'),
(179, 23, 'Lacy Macejkovic', 'Natus sed corporis vitae fugit minima. Tempora quis non iure aperiam deserunt modi. Libero labore nihil quo sit.', 3, '2018-02-27 06:32:44', '2018-02-27 06:32:44'),
(181, 43, 'Donavon Effertz', 'Explicabo ullam aut ut iste ipsa consequatur numquam aliquid. Aliquid similique minima perferendis animi eius. Corrupti laborum quod accusantium omnis aut autem.', 3, '2018-02-27 06:32:44', '2018-02-27 06:32:44'),
(182, 38, 'Haylee Crist', 'Dolores quod sint qui odit atque unde. Sit dolores unde dolores nesciunt quam. Dolorem eius illo eius aliquam excepturi.', 4, '2018-02-27 06:32:44', '2018-02-27 06:32:44'),
(183, 29, 'Gay Schowalter III', 'Necessitatibus et possimus laboriosam dolorum doloribus ullam. Numquam est omnis reprehenderit laudantium maxime vel eaque modi. Nam ad voluptatem sapiente recusandae eligendi alias voluptas esse.', 3, '2018-02-27 06:32:44', '2018-02-27 06:32:44'),
(184, 29, 'Prof. Justus Waters MD', 'Velit sed repudiandae exercitationem voluptatem pariatur possimus et. A ea nihil quas. Aut omnis assumenda dolores et enim.', 5, '2018-02-27 06:32:44', '2018-02-27 06:32:44'),
(185, 27, 'Prof. Dylan Bergstrom', 'Ab id optio soluta aliquid reiciendis amet. Autem nulla eligendi soluta non saepe nihil quia. Non sit sit expedita eum praesentium.', 4, '2018-02-27 06:32:44', '2018-02-27 06:32:44'),
(186, 23, 'Dax Schowalter', 'Minima voluptates praesentium delectus sed eum quis consequatur. Earum deserunt ducimus esse quis.', 5, '2018-02-27 06:32:44', '2018-02-27 06:32:44'),
(187, 43, 'Mrs. Francisca Baumbach', 'Expedita similique voluptatem quis mollitia dicta quam. Blanditiis molestiae voluptatem quo commodi delectus quia. Vel et libero dolores. Aut saepe officiis sint quas voluptatem ea eaque.', 3, '2018-02-27 06:32:44', '2018-02-27 06:32:44'),
(188, 19, 'Rudolph Moore', 'Modi dignissimos ratione similique assumenda sed. Et natus repudiandae recusandae at accusantium. Omnis ut reiciendis nulla libero aperiam fugit accusantium. Nostrum nulla eum aperiam quaerat rerum in.', 5, '2018-02-27 06:32:44', '2018-02-27 06:32:44'),
(189, 44, 'Melyna Lueilwitz', 'Voluptatem aut porro tenetur ut expedita ut sit. Consequatur natus et tenetur. Officia veritatis hic fugit exercitationem qui nihil laboriosam. Sit aut nihil atque velit.', 1, '2018-02-27 06:32:44', '2018-02-27 06:32:44'),
(190, 18, 'Raleigh Abshire', 'Sit molestiae voluptatibus dolores minus aut adipisci possimus. Modi quos perspiciatis omnis rerum. Porro ipsum unde reiciendis vel.', 4, '2018-02-27 06:32:44', '2018-02-27 06:32:44'),
(191, 44, 'Carmen Davis PhD', 'Hic porro perspiciatis nihil. Minima deserunt temporibus ut placeat aut. Quaerat quae nobis accusantium quasi. Aperiam repudiandae sed quos et explicabo impedit.', 5, '2018-02-27 06:32:44', '2018-02-27 06:32:44'),
(192, 11, 'Devonte Kris DDS', 'Ea quisquam ducimus qui impedit animi vel fuga. Aliquam possimus qui porro vel aperiam minus ratione. Dicta eligendi autem id et et consequatur. Omnis non ut et eveniet aliquid explicabo.', 0, '2018-02-27 06:32:44', '2018-02-27 06:32:44'),
(193, 43, 'Miss Virginia Volkman', 'Tempora quia ea pariatur commodi possimus. Doloribus ipsam omnis assumenda qui incidunt quas saepe. Fugit sunt distinctio et omnis id.', 0, '2018-02-27 06:32:44', '2018-02-27 06:32:44'),
(194, 49, 'Clark Gusikowski', 'Autem numquam eum perferendis aut voluptatum officiis adipisci. Architecto non ullam est autem. Occaecati molestiae voluptatem autem. Suscipit tempora officia vel ipsam repudiandae.', 0, '2018-02-27 06:32:44', '2018-02-27 06:32:44'),
(195, 41, 'Elwyn Koch', 'Consequuntur dolorem veniam ut aspernatur tempora modi. Ut non ad quia aut eius ducimus. Delectus iusto mollitia molestiae in quod sit quia ut.', 4, '2018-02-27 06:32:44', '2018-02-27 06:32:44'),
(196, 48, 'Maurine Hauck DVM', 'Quis optio non non et et incidunt. Non quia libero possimus. Eligendi ut sint quia rerum. Est sunt aut id tempora perferendis molestiae dolores.', 1, '2018-02-27 06:32:44', '2018-02-27 06:32:44'),
(197, 47, 'Kacie Morar', 'Sit voluptatum modi earum enim. Qui iure perspiciatis inventore autem impedit delectus tempora. Veniam ullam est et et. Animi blanditiis sequi facilis officia commodi aut nostrum repellendus.', 1, '2018-02-27 06:32:44', '2018-02-27 06:32:44'),
(198, 3, 'Monserrat Collier', 'Aliquid pariatur ratione harum consequatur commodi nostrum qui. Sint optio dolor quos labore.', 4, '2018-02-27 06:32:44', '2018-02-27 06:32:44'),
(199, 12, 'Hailey Kris', 'Et velit necessitatibus ad impedit qui sint culpa. Fuga reiciendis culpa qui. At et repellendus quia quas excepturi eum impedit. Nesciunt atque voluptas vel enim provident consequatur rem.', 5, '2018-02-27 06:32:44', '2018-02-27 06:32:44'),
(200, 43, 'Finn Bechtelar', 'Eius fugit qui et. Quia vitae tempore ea molestiae aut. Recusandae architecto numquam qui at pariatur dolores et.', 2, '2018-02-27 06:32:44', '2018-02-27 06:32:44'),
(201, 1, 'Giles Will', 'Minus voluptatem deleniti culpa id quasi cupiditate. Culpa id molestiae ut. Explicabo consequatur rerum id repellat.', 1, '2018-02-27 06:32:44', '2018-02-27 06:32:44'),
(202, 28, 'Lilian Heaney', 'Suscipit dolore perspiciatis eius possimus consequuntur non. Qui maxime veniam unde id. Vel dignissimos cum vel doloribus aut autem iste aut.', 1, '2018-02-27 06:32:44', '2018-02-27 06:32:44'),
(203, 13, 'Rebekah Lakin', 'Et voluptatibus maiores facilis debitis nihil delectus sunt. Qui animi beatae sit ad. Natus rem aut itaque tenetur ea sed aspernatur.', 0, '2018-02-27 06:32:44', '2018-02-27 06:32:44'),
(204, 5, 'Eleonore Feil', 'Ab temporibus nemo quos in quo consequuntur praesentium itaque. Et ipsam inventore nisi fugiat veritatis. Illum quia dolorem vel perferendis.', 0, '2018-02-27 06:32:44', '2018-02-27 06:32:44'),
(205, 17, 'Kamille Fay', 'Deserunt sit asperiores temporibus non. Quis aut et temporibus animi est eaque incidunt. Ratione qui praesentium soluta pariatur similique omnis. Sit modi similique consectetur.', 3, '2018-02-27 06:32:44', '2018-02-27 06:32:44'),
(206, 40, 'Maybelle Schultz', 'Porro provident nobis itaque ipsa. Distinctio nobis autem recusandae sunt. Qui vero tenetur sequi ipsa in sint.', 1, '2018-02-27 06:32:44', '2018-02-27 06:32:44'),
(207, 31, 'Zita Armstrong', 'Voluptas maxime in numquam officia voluptatum quo eaque. Impedit totam qui sed molestiae. Ipsum error provident nobis magnam nisi adipisci.', 1, '2018-02-27 06:32:44', '2018-02-27 06:32:44'),
(208, 49, 'Dr. Zetta Quitzon', 'Inventore sed voluptatem labore quis architecto officia rerum. Est tenetur minima tenetur nam quos. Et voluptas architecto fugit tenetur tempore et.', 2, '2018-02-27 06:32:44', '2018-02-27 06:32:44'),
(209, 4, 'Dejuan Ferry', 'Ab cumque et et aspernatur sit ratione ex laudantium. Esse quis voluptas totam officia et eos dignissimos. Et aut sed quo sed voluptate numquam.', 5, '2018-02-27 06:32:44', '2018-02-27 06:32:44'),
(210, 48, 'Courtney Dach', 'Dolores sit totam veniam odio. Quaerat alias nostrum ipsum quo odit. Voluptatibus totam et ea. Quaerat non aliquid suscipit nihil velit alias iure voluptas.', 4, '2018-02-27 06:32:44', '2018-02-27 06:32:44'),
(211, 8, 'Mrs. Simone Conn Sr.', 'Id sit autem et sit id est. Dolores necessitatibus iusto odio distinctio veniam. Ab ratione et fugiat et dolor.', 2, '2018-02-27 06:32:44', '2018-02-27 06:32:44'),
(212, 19, 'Emiliano Parisian', 'Et sapiente et quis tempora. Et ipsum labore fugiat rerum magnam. Sunt accusamus quasi repudiandae aut sit nihil incidunt rerum. Corporis non aperiam et.', 2, '2018-02-27 06:32:44', '2018-02-27 06:32:44'),
(213, 1, 'Daisha Gislason DVM', 'Ipsa odit eum ipsam eveniet est provident officia. Et debitis repellendus et dolores.', 1, '2018-02-27 06:32:44', '2018-02-27 06:32:44'),
(214, 42, 'Alicia Wolf', 'Et nisi ut voluptatem excepturi. Itaque rem veniam illum pariatur. Non quaerat minus enim. Illum totam nisi possimus voluptas et quos.', 3, '2018-02-27 06:32:44', '2018-02-27 06:32:44'),
(215, 12, 'Amber Casper', 'Ut architecto cumque labore aut harum. Quam expedita culpa dolor sit aspernatur est assumenda. Adipisci impedit qui optio architecto quo.', 1, '2018-02-27 06:32:44', '2018-02-27 06:32:44'),
(216, 9, 'Brady Greenfelder', 'Odit rem facilis sit possimus eos voluptatem. Sequi quasi optio voluptatem nulla et fuga suscipit. Aliquid maiores quaerat ad pariatur minima ab. Repellat odit nemo at voluptatibus eius neque est occaecati. Aspernatur et maxime et at consequatur nulla error sunt.', 3, '2018-02-27 06:32:44', '2018-02-27 06:32:44'),
(217, 21, 'Daphne Turner I', 'Deleniti sint accusantium ut consequatur in natus rerum iure. Soluta quo qui aliquam earum. Et tenetur blanditiis et aut deserunt quo nihil. Dolorum optio maxime ea tenetur velit excepturi qui.', 5, '2018-02-27 06:32:44', '2018-02-27 06:32:44'),
(218, 1, 'Fae Hagenes Jr.', 'Occaecati et tenetur maiores voluptatibus libero. Explicabo optio alias nihil voluptatum quis. Dolorum eligendi molestias at.', 5, '2018-02-27 06:32:44', '2018-02-27 06:32:44'),
(219, 38, 'Mona Gorczany', 'Dignissimos sit ad quia omnis molestiae. Aut itaque laboriosam esse id praesentium non. Esse enim quasi molestiae praesentium facere dolores.', 0, '2018-02-27 06:32:45', '2018-02-27 06:32:45'),
(220, 5, 'Miss Thelma Ondricka', 'Maiores animi qui culpa velit et minima ut. Cum similique corporis est quis. Placeat vel et consequatur. Pariatur nam delectus in similique. Velit ad omnis itaque consectetur qui est deleniti.', 0, '2018-02-27 06:32:45', '2018-02-27 06:32:45'),
(221, 40, 'Casimer Wilderman', 'Et quas ipsam minima deleniti perferendis. Et in nobis qui quia aut aliquid molestias ut. Necessitatibus quisquam porro ut ut. Et omnis quae nisi ipsam.', 4, '2018-02-27 06:32:45', '2018-02-27 06:32:45'),
(222, 42, 'Raphaelle Swift', 'Dolorem quo at hic minus et nulla odio. Saepe sapiente voluptatum et similique nesciunt. Delectus consequatur omnis tempore officiis. Ratione pariatur sit dolorem unde maxime.', 4, '2018-02-27 06:32:45', '2018-02-27 06:32:45'),
(223, 22, 'Turner Schowalter', 'Accusantium maiores nihil ut pariatur velit consequatur. Et sequi omnis aut nostrum. Architecto quae et quae cumque velit repellendus. Ipsa architecto quo et velit mollitia.', 5, '2018-02-27 06:32:45', '2018-02-27 06:32:45'),
(224, 44, 'Natasha Hammes', 'Rem aut ea porro aspernatur quis nulla ut. Aut laudantium repellendus enim eaque sit quas.', 0, '2018-02-27 06:32:45', '2018-02-27 06:32:45'),
(225, 25, 'Bernie McClure', 'Vel qui et nostrum ad quam ullam. Facilis doloremque quia odio cum. Deserunt error nobis nesciunt dolores ut nobis. Explicabo facilis totam voluptas doloribus voluptatem est.', 4, '2018-02-27 06:32:45', '2018-02-27 06:32:45'),
(226, 50, 'Dorris Weissnat III', 'Hic necessitatibus doloremque sequi. Sapiente voluptates sunt recusandae iure maiores rerum minus. Dolorem doloremque nesciunt nesciunt molestiae architecto. Dolorem est dicta omnis est qui.', 5, '2018-02-27 06:32:45', '2018-02-27 06:32:45'),
(227, 4, 'Avery Schulist', 'Doloribus rerum dignissimos delectus. Exercitationem illum sed aut. Beatae aliquam consequatur quia repudiandae quia. Voluptatem quod exercitationem distinctio et eos.', 2, '2018-02-27 06:32:45', '2018-02-27 06:32:45');
INSERT INTO `reviews` (`id`, `product_id`, `customer`, `review`, `star`, `created_at`, `updated_at`) VALUES
(228, 13, 'Allan Wisoky', 'Harum molestiae ipsa et pariatur eum eius. Fugit tenetur est et praesentium nihil non. Quo est deserunt enim deserunt velit.', 2, '2018-02-27 06:32:45', '2018-02-27 06:32:45'),
(229, 22, 'Prof. Humberto Watsica', 'Fugit at eum quasi perferendis ratione tempora doloribus cumque. Ipsa error accusantium incidunt natus. Deserunt assumenda unde velit ducimus libero et. Natus perferendis rerum quaerat dolor perferendis non.', 2, '2018-02-27 06:32:45', '2018-02-27 06:32:45'),
(230, 1, 'Elena Beier', 'Qui quidem commodi officiis et voluptatem quia sapiente. Maxime soluta error voluptatibus et unde ut. Consequatur unde qui mollitia aut voluptatem debitis.', 4, '2018-02-27 06:32:45', '2018-02-27 06:32:45'),
(231, 45, 'Stefanie Gusikowski', 'Iste beatae doloremque autem praesentium est. Ea autem voluptatem ipsa animi. Recusandae nihil aut est rerum.', 5, '2018-02-27 06:32:45', '2018-02-27 06:32:45'),
(232, 1, 'Margarett McClure', 'Quia sapiente est ea asperiores deserunt. Molestias dolor dolorem explicabo dolorem dicta quis quo. Et dolor et dignissimos.', 1, '2018-02-27 06:32:45', '2018-02-27 06:32:45'),
(233, 15, 'Bo Hansen', 'Et ad labore rerum molestias velit dicta non aspernatur. Excepturi temporibus voluptatem in expedita placeat non. Qui error eaque voluptas dolor.', 3, '2018-02-27 06:32:45', '2018-02-27 06:32:45'),
(234, 20, 'Oran Bergstrom', 'In minima autem atque id nulla doloremque. Voluptate molestiae deleniti quae corporis id aut quis. Voluptas temporibus esse unde sed molestiae reprehenderit placeat.', 2, '2018-02-27 06:32:45', '2018-02-27 06:32:45'),
(235, 25, 'Miss Wava Jaskolski III', 'Nostrum id molestiae assumenda. Ab accusamus officia architecto exercitationem impedit. Veniam aut amet possimus dolorem odit qui et.', 1, '2018-02-27 06:32:45', '2018-02-27 06:32:45'),
(237, 50, 'Miss Eryn McCullough', 'Praesentium dolore dolorem et necessitatibus. Repellendus repudiandae earum delectus est. Quia autem et provident nulla omnis non aut perferendis. Asperiores libero rerum repellendus optio nesciunt iusto eveniet.', 0, '2018-02-27 06:32:45', '2018-02-27 06:32:45'),
(238, 33, 'Dr. Green Nicolas IV', 'Veritatis repellat deserunt sit velit ut. Atque natus quos labore corporis tenetur odit omnis dolores. Sit culpa ipsum et saepe voluptas cupiditate quia sunt.', 1, '2018-02-27 06:32:45', '2018-02-27 06:32:45'),
(239, 1, 'Reina Leffler', 'Et iure voluptatum ut aut quaerat repellat reiciendis adipisci. Rerum quasi eaque nobis saepe. Et fugit non qui laborum et aut repellendus. Fuga dolore quisquam aut eaque. Incidunt natus et accusamus aut.', 0, '2018-02-27 06:32:45', '2018-02-27 06:32:45'),
(240, 17, 'Prof. Christopher Torp II', 'A necessitatibus nostrum illum voluptate rerum sit. Quo et odio repellendus deleniti et voluptatem consectetur eum. Minus aut quam nihil aperiam quam.', 0, '2018-02-27 06:32:45', '2018-02-27 06:32:45'),
(241, 6, 'Gillian Bayer', 'Sit maxime possimus dolorem quia sequi assumenda sed. Blanditiis a pariatur omnis qui ipsa hic. Maxime provident autem mollitia quo. Totam repellendus officiis molestiae ut ut doloremque et. Sed a illo nisi omnis tenetur numquam.', 0, '2018-02-27 06:32:45', '2018-02-27 06:32:45'),
(242, 38, 'Dr. Eliane Hintz Sr.', 'Soluta dolore iste a aut optio. Ipsum distinctio aliquid sed sed. Illo eum quod eligendi unde omnis qui.', 3, '2018-02-27 06:32:45', '2018-02-27 06:32:45'),
(243, 13, 'Ruthe Prohaska', 'Ad et similique occaecati odio delectus laudantium et. Natus odit vel soluta ipsa incidunt assumenda reiciendis. Placeat ut sit aut est quia aut officia.', 2, '2018-02-27 06:32:45', '2018-02-27 06:32:45'),
(244, 10, 'Mr. Denis Botsford PhD', 'Quas voluptatibus voluptates nihil ipsam eum mollitia. Quis praesentium voluptatem quo iure et omnis. Saepe sit voluptatibus voluptatem distinctio dignissimos in.', 5, '2018-02-27 06:32:45', '2018-02-27 06:32:45'),
(245, 3, 'Preston Hettinger', 'Quia unde libero consequuntur molestiae ut a. Assumenda ut in laborum nulla fugit repellat quia rerum.', 0, '2018-02-27 06:32:45', '2018-02-27 06:32:45'),
(246, 8, 'Prof. Berniece Cummerata II', 'Beatae quia consectetur et totam inventore sed. Sint non totam ex et. Quia eum dolorem voluptate aut et dolorem quae.', 3, '2018-02-27 06:32:45', '2018-02-27 06:32:45'),
(247, 21, 'Mertie Harris Sr.', 'Et in totam rem laborum cum. Iure illum sapiente odio magni voluptatem architecto aut. Deleniti harum nulla cumque.', 2, '2018-02-27 06:32:45', '2018-02-27 06:32:45'),
(248, 14, 'Prof. Alexa Medhurst DVM', 'Et suscipit ipsam eaque eos eligendi. Laboriosam dolores dignissimos ab eum nemo enim vero. Qui ducimus quam veniam.', 5, '2018-02-27 06:32:45', '2018-02-27 06:32:45'),
(249, 23, 'Keyon Aufderhar', 'Totam natus voluptatibus voluptas alias veniam officiis eaque. Voluptatem quia culpa autem eaque quae sint. Et et iure vel nostrum assumenda magnam.', 2, '2018-02-27 06:32:45', '2018-02-27 06:32:45'),
(250, 3, 'Briana Langosh', 'Voluptatem nobis molestias aut cumque officia tenetur. Mollitia ut id quas rerum illum. Odio omnis ipsam cum velit. Nisi voluptatem repellendus magni ad. Dolores vel quia commodi perferendis exercitationem.', 2, '2018-02-27 06:32:45', '2018-02-27 06:32:45'),
(251, 38, 'Miss Jackie Roberts III', 'Magnam voluptates illo temporibus eum aut ut. In architecto architecto dolores ipsam et. Sed deserunt odio et qui facilis nihil. Nihil veniam labore aperiam eaque.', 1, '2018-02-27 06:32:45', '2018-02-27 06:32:45'),
(252, 27, 'Chauncey Olson', 'Consectetur et velit id non itaque dignissimos et et. Sint corrupti id iste doloribus nihil sit. Voluptatem omnis consequatur natus quisquam nulla. Dolorem vel dicta hic dolorum hic repudiandae alias quo.', 0, '2018-02-27 06:32:45', '2018-02-27 06:32:45'),
(253, 45, 'Trudie Morar', 'Quod quia praesentium iure beatae minus rem. Quia molestias fugit soluta error.', 0, '2018-02-27 06:32:45', '2018-02-27 06:32:45'),
(254, 15, 'Miss Mariam Wiegand', 'Exercitationem consectetur laboriosam inventore reprehenderit error voluptas et. Cum quo eveniet aut et inventore. Voluptatum et totam officiis.', 4, '2018-02-27 06:32:45', '2018-02-27 06:32:45'),
(255, 2, 'Daryl Ryan Jr.', 'Et vitae rerum qui distinctio numquam. Quibusdam maxime vel quos iure. Aliquam modi dicta et.', 5, '2018-02-27 06:32:45', '2018-02-27 06:32:45'),
(256, 29, 'Dr. Nella Kohler Sr.', 'Reprehenderit vel eum facilis sit sunt aperiam. Veritatis ratione consequatur ab saepe modi ipsum id. Repellendus ut molestiae quam sit quaerat.', 0, '2018-02-27 06:32:45', '2018-02-27 06:32:45'),
(257, 12, 'Mr. Richmond Kris', 'Et autem vitae magni possimus voluptatum molestias officiis. Enim harum inventore exercitationem repellat. Illo voluptatem temporibus molestiae sint.', 3, '2018-02-27 06:32:45', '2018-02-27 06:32:45'),
(258, 5, 'Audra Reinger', 'Ut vel sit provident iste neque commodi assumenda. Dolorem soluta debitis iure hic sed eum. Beatae repellat quam et ut. Et magnam necessitatibus sit doloribus sed illum placeat qui.', 2, '2018-02-27 06:32:45', '2018-02-27 06:32:45'),
(259, 23, 'Mrs. Elsa Nikolaus IV', 'Quidem magni quaerat doloribus eum dolor voluptate. Necessitatibus vel repudiandae et. Minima alias voluptas quo dignissimos similique nulla iusto. Harum maxime consequuntur tenetur sint. Deleniti inventore vero facere eligendi sint fuga.', 2, '2018-02-27 06:32:45', '2018-02-27 06:32:45'),
(260, 20, 'Dr. Kimberly Ankunding', 'Quis quis dolore commodi iusto. Placeat quia tempore quia. Nostrum vel et voluptas.', 3, '2018-02-27 06:32:45', '2018-02-27 06:32:45'),
(261, 18, 'Brady Romaguera', 'Illo atque alias minus est eveniet eum. Ut est dicta nihil doloribus voluptatum eum. Pariatur et dolor repellat maxime iure in consequatur non.', 3, '2018-02-27 06:32:45', '2018-02-27 06:32:45'),
(262, 7, 'Prof. Haylee Aufderhar', 'Illo voluptatem neque est. Ipsum aut et et quos et fuga dolore recusandae.', 3, '2018-02-27 06:32:45', '2018-02-27 06:32:45'),
(263, 14, 'Micah Renner', 'In iusto doloribus consequuntur nulla sint dicta. Sed labore aperiam doloremque commodi repudiandae suscipit. Modi cupiditate quo ab sint voluptatem aut cumque quod.', 4, '2018-02-27 06:32:45', '2018-02-27 06:32:45'),
(264, 27, 'Prof. Glenda Skiles MD', 'Et dignissimos et eaque omnis totam numquam quod. Sed aut dolorem qui nemo provident quidem. Sapiente ex quas laudantium omnis.', 1, '2018-02-27 06:32:45', '2018-02-27 06:32:45'),
(265, 50, 'Ms. Lorena Gutmann', 'Voluptas maiores ab error dignissimos labore. Suscipit rem vitae quam iusto mollitia. Fuga porro enim quia eos ea.', 3, '2018-02-27 06:32:45', '2018-02-27 06:32:45'),
(266, 9, 'Precious Prosacco', 'Eos ea ipsum id praesentium ab sed. Qui natus optio ipsam aut earum asperiores. Dicta aut iste molestiae aut quas.', 3, '2018-02-27 06:32:45', '2018-02-27 06:32:45'),
(267, 49, 'Prof. Edgar Nolan', 'Ut itaque pariatur iste veritatis molestias dolorem. Ab voluptatem ducimus voluptatem accusamus omnis. Aspernatur quibusdam consectetur itaque qui. Blanditiis impedit voluptas qui rem atque nisi inventore.', 1, '2018-02-27 06:32:45', '2018-02-27 06:32:45'),
(268, 40, 'Prof. Coy Rutherford', 'Qui excepturi pariatur sed explicabo et qui. Voluptas et nesciunt inventore et numquam consequuntur. Odit placeat rerum accusantium repudiandae aut voluptate.', 3, '2018-02-27 06:32:45', '2018-02-27 06:32:45'),
(269, 29, 'Ona Shields II', 'Consequuntur eos tempora veritatis soluta et vel explicabo. Eius dolor non neque. Iure voluptatem dolorem a minus animi itaque. Voluptas unde non qui magni saepe quo praesentium.', 2, '2018-02-27 06:32:45', '2018-02-27 06:32:45'),
(270, 27, 'Betty Brown', 'Qui quae voluptatem temporibus debitis excepturi. In laudantium saepe id ratione odit aut itaque quae. Exercitationem totam ullam ut. Qui odit quod accusantium ut provident.', 1, '2018-02-27 06:32:45', '2018-02-27 06:32:45'),
(271, 49, 'Brook Treutel Jr.', 'Veritatis explicabo praesentium qui. Aut quia cumque excepturi.', 1, '2018-02-27 06:32:45', '2018-02-27 06:32:45'),
(272, 24, 'Valerie Williamson', 'Sed dolor et eius et itaque quia dolor. Animi nesciunt enim tempore.', 2, '2018-02-27 06:32:46', '2018-02-27 06:32:46'),
(273, 39, 'Mrs. Breana Goldner IV', 'Facere distinctio molestiae quia. Nobis rerum autem ipsum ullam dicta nisi. Ut quia vero et voluptatem vero ipsum. Inventore doloribus praesentium porro sequi officiis praesentium ipsa.', 1, '2018-02-27 06:32:46', '2018-02-27 06:32:46'),
(274, 21, 'Cornell Carter', 'Molestiae molestiae atque voluptatem voluptates odit veniam. Vel veritatis mollitia quae hic odio accusantium voluptatibus. Dicta sequi placeat architecto beatae.', 1, '2018-02-27 06:32:46', '2018-02-27 06:32:46'),
(275, 5, 'Trey Torphy', 'Consequatur ad suscipit et. At repellat nam aut dolores autem dolore recusandae saepe. Voluptate ipsa quia ut quo et voluptatem est. Impedit doloribus recusandae sunt vel omnis voluptas.', 5, '2018-02-27 06:32:46', '2018-02-27 06:32:46'),
(276, 30, 'Miss Katrine Hermann DDS', 'Eos est quibusdam eaque occaecati porro qui. Tempora id nihil voluptates qui assumenda totam voluptate. Quibusdam sint nesciunt fugiat reprehenderit assumenda vel omnis. Quis fuga dignissimos reiciendis sed. Tempora quo quam iure harum.', 0, '2018-02-27 06:32:46', '2018-02-27 06:32:46'),
(277, 19, 'Brain Kerluke', 'Nihil repellat aut exercitationem quae ut. Animi ipsa corrupti eligendi asperiores beatae ut. Dolor dolorum voluptas delectus cumque. Dignissimos quidem velit molestiae qui vero earum.', 1, '2018-02-27 06:32:46', '2018-02-27 06:32:46'),
(278, 14, 'Kameron Kassulke', 'Veniam sed dolores odio explicabo ducimus voluptas voluptate. Non deleniti dolorem adipisci occaecati quod aliquam. Laboriosam sit quidem excepturi dolor labore accusantium numquam et. Aliquid magni non temporibus assumenda hic ipsum deleniti.', 2, '2018-02-27 06:32:46', '2018-02-27 06:32:46'),
(279, 15, 'Isabelle Jones', 'Quam culpa optio quaerat ipsa corrupti laboriosam aut adipisci. Qui id modi recusandae architecto aut delectus sed.', 5, '2018-02-27 06:32:46', '2018-02-27 06:32:46'),
(280, 22, 'Tabitha Donnelly', 'Magni quos ut quis ut. Vel nostrum blanditiis enim earum. Asperiores laudantium nulla voluptates est. Quis consectetur molestiae labore qui sit ratione dolores.', 3, '2018-02-27 06:32:46', '2018-02-27 06:32:46'),
(281, 50, 'Lourdes Keeling', 'Velit quam incidunt sequi quia aliquam nostrum. Veritatis illo laborum officiis voluptatem ut iste.', 5, '2018-02-27 06:32:46', '2018-02-27 06:32:46'),
(282, 39, 'Dr. Hillard Lockman III', 'Quia tempore unde et tempore aut aliquam inventore. Voluptatum ut veritatis atque et. Aut dolore aut impedit velit. Quis commodi totam quo et quisquam in.', 2, '2018-02-27 06:32:46', '2018-02-27 06:32:46'),
(283, 9, 'Dr. Jermaine Olson DVM', 'A et commodi pariatur qui assumenda nostrum. Quia incidunt vel totam eius. Amet voluptatem et et ea. Recusandae delectus et et ea ut. Voluptatem quia dolor id eaque odit.', 1, '2018-02-27 06:32:46', '2018-02-27 06:32:46'),
(285, 22, 'Dr. Terrence Rempel I', 'Est officiis quia qui ipsum itaque atque. Ullam qui odio doloribus consequuntur ea illo eos. Non iure nisi repellat modi nobis.', 3, '2018-02-27 06:32:46', '2018-02-27 06:32:46'),
(286, 23, 'Mr. Dudley Boyer IV', 'Praesentium perspiciatis id error labore. Quos similique dolore doloremque modi consequatur molestiae. Dolor et quae aut quos officiis voluptatem quam. Molestiae non sit ea delectus minus.', 3, '2018-02-27 06:32:46', '2018-02-27 06:32:46'),
(287, 8, 'Prof. Phoebe Green', 'Officia qui illum omnis sed voluptate placeat. Iste inventore eaque assumenda dolorum soluta doloremque.', 3, '2018-02-27 06:32:46', '2018-02-27 06:32:46'),
(288, 45, 'Prof. Wyman Kessler', 'Atque quo necessitatibus qui debitis ipsa similique. Sit vitae aut cumque exercitationem provident. Perferendis harum quidem iure ut fugit explicabo eum quas.', 3, '2018-02-27 06:32:46', '2018-02-27 06:32:46'),
(290, 34, 'Prof. Sheldon Runolfsson', 'Sint non dolores tempore enim unde adipisci. In non asperiores reprehenderit sed itaque maxime. Exercitationem nobis quia ex iure tenetur. Sint nemo id qui qui.', 1, '2018-02-27 06:32:46', '2018-02-27 06:32:46'),
(291, 40, 'Garret Schuppe', 'Reprehenderit minus voluptatum pariatur placeat iste quam sunt et. Aut non non accusantium exercitationem et reiciendis. Ipsum esse eaque nulla cupiditate nihil quis aut. Ipsa suscipit doloribus quibusdam laudantium tempora quis. Consequuntur voluptatem incidunt nobis aut.', 2, '2018-02-27 06:32:46', '2018-02-27 06:32:46'),
(292, 31, 'Miss Rossie Bednar', 'Sequi et id iusto eos quis ut sit est. Veritatis voluptas ut est. Placeat molestiae perspiciatis excepturi sit beatae quia. Ab modi ut sunt minus qui molestiae.', 4, '2018-02-27 06:32:46', '2018-02-27 06:32:46'),
(294, 19, 'Dr. Wilhelmine Waelchi', 'Quis molestias officiis et in quibusdam quisquam. Quibusdam velit est sed enim. Architecto nihil quia et commodi accusamus est architecto. Repellendus voluptas repellendus qui quae. Deserunt autem nisi quasi debitis.', 2, '2018-02-27 06:32:46', '2018-02-27 06:32:46'),
(295, 8, 'Aidan Abbott', 'Sequi et quia provident rerum voluptate. Quo aut mollitia ut minima reiciendis provident unde.', 4, '2018-02-27 06:32:46', '2018-02-27 06:32:46'),
(296, 47, 'Melvina Kemmer', 'Molestias laboriosam nulla doloremque tempora inventore amet voluptatem. Et qui dicta consequatur libero earum maxime omnis. Ratione dolores ducimus eum qui qui. Nulla eum qui qui beatae maxime non.', 0, '2018-02-27 06:32:46', '2018-02-27 06:32:46'),
(297, 39, 'Mohamed DuBuque', 'Velit eos omnis reiciendis atque. Quasi quas omnis omnis ea vitae est esse.', 3, '2018-02-27 06:32:46', '2018-02-27 06:32:46'),
(298, 44, 'Louvenia Schultz', 'Ex eum aliquid numquam qui. Maxime rerum cupiditate dolorem in ipsam nihil voluptatem. Tenetur et vel placeat perferendis iure ut.', 3, '2018-02-27 06:32:46', '2018-02-27 06:32:46'),
(299, 5, 'Brent Denesik', 'Qui est omnis mollitia laudantium aut. Expedita voluptatum consectetur sint. Delectus et aut autem magnam. Rerum unde voluptatem laboriosam alias.', 4, '2018-02-27 06:32:46', '2018-02-27 06:32:46'),
(300, 47, 'Greta Jacobs', 'Veritatis harum sapiente laborum ut doloribus. Quia soluta porro aperiam amet. Autem est doloremque voluptatum quis molestias. Quaerat quidem accusamus eos iusto non modi repellendus perspiciatis.', 1, '2018-02-27 06:32:46', '2018-02-27 06:32:46');

-- --------------------------------------------------------

--
-- Table structure for table `users`
--

CREATE TABLE `users` (
  `id` int(10) UNSIGNED NOT NULL,
  `name` varchar(191) COLLATE utf8mb4_unicode_ci NOT NULL,
  `email` varchar(191) COLLATE utf8mb4_unicode_ci NOT NULL,
  `password` varchar(191) COLLATE utf8mb4_unicode_ci NOT NULL,
  `remember_token` varchar(100) COLLATE utf8mb4_unicode_ci DEFAULT NULL,
  `created_at` timestamp NULL DEFAULT NULL,
  `updated_at` timestamp NULL DEFAULT NULL
) ENGINE=InnoDB DEFAULT CHARSET=utf8mb4 COLLATE=utf8mb4_unicode_ci;

--
-- Dumping data for table `users`
--

INSERT INTO `users` (`id`, `name`, `email`, `password`, `remember_token`, `created_at`, `updated_at`) VALUES
(1, 'Stewart Weber', 'jibon@gmail.com', '$2y$10$TKh8H1.PfQx37YgCzwiKb.KjNyWgaHb9cbcoQgdIVFlYg7B77UdFm', 'cqnkgoz9Q2', '2018-02-27 06:32:36', '2018-02-27 06:32:36'),
(2, 'Ms. Maya Cormier III', 'blemke@example.org', '$2y$10$TKh8H1.PfQx37YgCzwiKb.KjNyWgaHb9cbcoQgdIVFlYg7B77UdFm', 'TnwGEc32KN', '2018-02-27 06:32:37', '2018-02-27 06:32:37'),
(3, 'Jarvis Romaguera', 'katelyn24@example.org', '$2y$10$TKh8H1.PfQx37YgCzwiKb.KjNyWgaHb9cbcoQgdIVFlYg7B77UdFm', 'vXGqxt2of5', '2018-02-27 06:32:37', '2018-02-27 06:32:37'),
(4, 'Hershel Parisian', 'xwatsica@example.com', '$2y$10$TKh8H1.PfQx37YgCzwiKb.KjNyWgaHb9cbcoQgdIVFlYg7B77UdFm', 'yKGm1SNLgc', '2018-02-27 06:32:37', '2018-02-27 06:32:37'),
(5, 'Miss Kianna Boehm MD', 'anabelle.schulist@example.net', '$2y$10$TKh8H1.PfQx37YgCzwiKb.KjNyWgaHb9cbcoQgdIVFlYg7B77UdFm', 'OxRpl8VHIH', '2018-02-27 06:32:37', '2018-02-27 06:32:37');

--
-- Indexes for dumped tables
--

--
-- Indexes for table `migrations`
--
ALTER TABLE `migrations`
  ADD PRIMARY KEY (`id`);

--
-- Indexes for table `oauth_access_tokens`
--
ALTER TABLE `oauth_access_tokens`
  ADD PRIMARY KEY (`id`),
  ADD KEY `oauth_access_tokens_user_id_index` (`user_id`);

--
-- Indexes for table `oauth_auth_codes`
--
ALTER TABLE `oauth_auth_codes`
  ADD PRIMARY KEY (`id`);

--
-- Indexes for table `oauth_clients`
--
ALTER TABLE `oauth_clients`
  ADD PRIMARY KEY (`id`),
  ADD KEY `oauth_clients_user_id_index` (`user_id`);

--
-- Indexes for table `oauth_personal_access_clients`
--
ALTER TABLE `oauth_personal_access_clients`
  ADD PRIMARY KEY (`id`),
  ADD KEY `oauth_personal_access_clients_client_id_index` (`client_id`);

--
-- Indexes for table `oauth_refresh_tokens`
--
ALTER TABLE `oauth_refresh_tokens`
  ADD PRIMARY KEY (`id`),
  ADD KEY `oauth_refresh_tokens_access_token_id_index` (`access_token_id`);

--
-- Indexes for table `password_resets`
--
ALTER TABLE `password_resets`
  ADD KEY `password_resets_email_index` (`email`);

--
-- Indexes for table `products`
--
ALTER TABLE `products`
  ADD PRIMARY KEY (`id`),
  ADD KEY `products_user_id_index` (`user_id`);

--
-- Indexes for table `reviews`
--
ALTER TABLE `reviews`
  ADD PRIMARY KEY (`id`),
  ADD KEY `reviews_product_id_index` (`product_id`);

--
-- Indexes for table `users`
--
ALTER TABLE `users`
  ADD PRIMARY KEY (`id`),
  ADD UNIQUE KEY `users_email_unique` (`email`);

--
-- AUTO_INCREMENT for dumped tables
--

--
-- AUTO_INCREMENT for table `migrations`
--
ALTER TABLE `migrations`
  MODIFY `id` int(10) UNSIGNED NOT NULL AUTO_INCREMENT, AUTO_INCREMENT=19;

--
-- AUTO_INCREMENT for table `oauth_clients`
--
ALTER TABLE `oauth_clients`
  MODIFY `id` int(10) UNSIGNED NOT NULL AUTO_INCREMENT, AUTO_INCREMENT=3;

--
-- AUTO_INCREMENT for table `oauth_personal_access_clients`
--
ALTER TABLE `oauth_personal_access_clients`
  MODIFY `id` int(10) UNSIGNED NOT NULL AUTO_INCREMENT, AUTO_INCREMENT=2;

--
-- AUTO_INCREMENT for table `products`
--
ALTER TABLE `products`
  MODIFY `id` int(10) UNSIGNED NOT NULL AUTO_INCREMENT, AUTO_INCREMENT=51;

--
-- AUTO_INCREMENT for table `reviews`
--
ALTER TABLE `reviews`
  MODIFY `id` int(10) UNSIGNED NOT NULL AUTO_INCREMENT, AUTO_INCREMENT=302;

--
-- AUTO_INCREMENT for table `users`
--
ALTER TABLE `users`
  MODIFY `id` int(10) UNSIGNED NOT NULL AUTO_INCREMENT, AUTO_INCREMENT=6;

--
-- Constraints for dumped tables
--

--
-- Constraints for table `reviews`
--
ALTER TABLE `reviews`
  ADD CONSTRAINT `reviews_product_id_foreign` FOREIGN KEY (`product_id`) REFERENCES `products` (`id`) ON DELETE CASCADE;
COMMIT;

/*!40101 SET CHARACTER_SET_CLIENT=@OLD_CHARACTER_SET_CLIENT */;
/*!40101 SET CHARACTER_SET_RESULTS=@OLD_CHARACTER_SET_RESULTS */;
/*!40101 SET COLLATION_CONNECTION=@OLD_COLLATION_CONNECTION */;
